,BNDAGG,BNDBND,BNDLQD,BNDBSV,BNDHYG,BNDTIP,BNDSHY,BNDJNK,BNDVCSH,BNDCSJ
3/17/2014,107.870003,81.18,116.220001,80.269997,93.93,112.57,84.480003,41.029999,80.029999,105.470001
3/18/2014,108,81.269997,116.580002,80.32,94.209999,112.790001,84.5,41.16,80.010002,105.540001
3/19/2014,107.519997,80.889999,115.739998,80.059998,93.730003,111.75,84.360001,41.02,79.82,105.330002
3/20/2014,107.440002,80.82,115.900002,80.050003,94.050003,111.400002,84.370003,41.16,79.830002,105.360001
3/21/2014,107.589996,81.050003,116.300003,80.019997,93.989998,111.82,84.379997,41.119999,79.870003,105.379997
3/24/2014,107.75,81.059998,116.519997,80.010002,94.019997,111.959999,84.339996,41.209999,79.800003,105.339996
3/25/2014,107.639999,81.040001,116.559998,79.989998,94.209999,111.93,84.349998,41.23,79.779999,105.400002
3/26/2014,107.980003,81.260002,117.010002,80.050003,94.230003,112.32,84.410004,41.200001,79.860001,105.410004
3/27/2014,108.059998,81.339996,117.040001,80.059998,94.089996,112.360001,84.400002,41.220001,79.919998,105.349998
3/28/2014,107.900002,81.190002,116.949997,80.019997,94.25,112.080002,84.400002,41.27,79.889999,105.360001
3/31/2014,107.910004,81.190002,116.940002,80.089996,94.389999,112.099998,84.449997,41.32,79.980003,105.480003
4/1/2014,107.540001,80.910004,116.309998,80.010002,94.120003,111.709999,84.379997,41.139999,79.800003,105.379997
4/2/2014,107.360001,80.75,116.150002,79.93,94.019997,111.459999,84.349998,41.139999,79.75,105.239998
4/3/2014,107.440002,80.82,116.370003,79.949997,94.059998,111.589996,84.370003,41.150002,79.760002,105.269997
4/4/2014,107.779999,81.059998,116.830002,80.029999,94.279999,112.099998,84.440002,41.220001,79.949997,105.360001
4/7/2014,107.940002,81.209999,117.110001,80.059998,94.080002,112.269997,84.449997,41.169998,80.019997,105.370003
4/8/2014,108.07,81.269997,117.419998,80.110001,94.300003,112.330002,84.459999,41.259998,80.089996,105.379997
4/9/2014,108.080002,81.25,117.519997,80.209999,94.449997,112.410004,84.5,41.299999,80.169998,105.480003
4/10/2014,108.330002,81.5,117.68,80.260002,94.18,112.800003,84.550003,41.200001,80.260002,105.470001
4/11/2014,108.43,81.550003,117.760002,80.269997,93.779999,113.089996,84.540001,41.049999,80.230003,105.480003
4/14/2014,108.470001,81.540001,117.839996,80.199997,94.080002,112.870003,84.529999,41.220001,80.199997,105.529999
4/15/2014,108.480003,81.580002,118.089996,80.199997,94.18,113.150002,84.529999,41.240002,80.169998,105.489998
4/16/2014,108.540001,81.529999,118.139999,80.18,94.230003,113.220001,84.5,41.290001,80.120003,105.480003
4/17/2014,108.190002,81.32,117.459999,80.089996,94.120003,113.080002,84.480003,41.220001,80.089996,105.400002
4/21/2014,108.18,81.339996,117.620003,80.089996,94.120003,113.080002,84.480003,41.240002,80.019997,105.449997
4/22/2014,108.160004,81.339996,117.68,80.080002,94.220001,113.080002,84.440002,41.27,80.080002,105.440002
4/23/2014,108.269997,81.470001,117.940002,80.089996,94.25,113.43,84.480003,41.279999,80.099998,105.43
4/24/2014,108.370003,81.489998,117.959999,80.099998,94.269997,113.5,84.459999,41.259998,80.120003,105.419998
4/25/2014,108.389999,81.519997,117.940002,80.150002,94.239998,113.550003,84.470001,41.27,80.129997,105.470001
4/28/2014,108.32,81.43,117.800003,80.139999,94.220001,113.209999,84.470001,41.330002,80.110001,105.459999
4/29/2014,108.370003,81.470001,117.82,80.139999,94.360001,113.139999,84.459999,41.32,80.129997,105.480003
4/30/2014,108.589996,81.650002,118.150002,80.199997,94.339996,113.580002,84.519997,41.349998,80.190002,105.519997
5/1/2014,108.550003,81.669998,118.300003,80.160004,93.82,113.730003,84.5,41.18,80.139999,105.459999
5/2/2014,108.68,81.760002,118.550003,80.160004,94.040001,114.029999,84.489998,41.220001,80.139999,105.470001
5/5/2014,108.639999,81.669998,118.25,80.150002,94,113.790001,84.5,41.16,80.150002,105.480003
5/6/2014,108.720001,81.75,118.449997,80.150002,94.019997,113.75,84.470001,41.240002,80.160004,105.470001
5/7/2014,108.720001,81.790001,118.470001,80.199997,94.160004,113.82,84.5,41.279999,80.209999,105.510002
5/8/2014,108.790001,81.830002,118.5,80.260002,94.139999,113.980003,84.519997,41.240002,80.260002,105.540001
5/9/2014,108.690002,81.730003,118.370003,80.239998,94.230003,113.910004,84.550003,41.290001,80.199997,105.559998
5/12/2014,108.599998,81.650002,118.07,80.220001,94.330002,113.599998,84.529999,41.360001,80.230003,105.529999
5/13/2014,108.779999,81.800003,118.510002,80.290001,94.480003,113.889999,84.559998,41.380001,80.290001,105.589996
5/14/2014,109.089996,82.010002,119.099998,80.360001,94.529999,114.540001,84.589996,41.400002,80.43,105.660004
5/15/2014,109.32,82.160004,119.309998,80.400002,94.440002,115.07,84.599998,41.369999,80.400002,105.68
5/16/2014,109.199997,82.160004,119.169998,80.370003,94.629997,114.949997,84.610001,41.43,80.459999,105.669998
5/19/2014,109.160004,82.129997,119.059998,80.400002,94.769997,114.610001,84.629997,41.439999,80.480003,105.68
5/20/2014,109.209999,82.169998,119.059998,80.449997,94.650002,114.830002,84.639999,41.419998,80.5,105.75
5/21/2014,109.169998,82.099998,118.839996,80.43,94.639999,114.760002,84.639999,41.43,80.489998,105.699997
5/22/2014,109.120003,82.050003,118.800003,80.410004,94.709999,114.940002,84.620003,41.389999,80.480003,105.709999
5/23/2014,109.230003,82.129997,118.93,80.400002,94.739998,115.209999,84.599998,41.439999,80.5,105.669998
5/27/2014,109.330002,82.209999,119.349998,80.43,94.830002,115.279999,84.620003,41.450001,80.489998,105.699997
5/28/2014,109.629997,82.480003,119.919998,80.5,94.860001,115.910004,84.639999,41.439999,80.57,105.730003
5/29/2014,109.57,82.410004,119.57,80.480003,94.949997,115.860001,84.629997,41.509998,80.559998,105.75
5/30/2014,109.669998,82.330002,119.589996,80.449997,95.050003,115.589996,84.650002,41.529999,80.489998,105.739998
6/2/2014,109.129997,81.949997,118.589996,80.300003,94.32,114.470001,84.57,41.310001,80.260002,105.550003
6/3/2014,108.839996,81.75,118.050003,80.239998,94.330002,113.800003,84.550003,41.290001,80.160004,105.529999
6/4/2014,108.800003,81.760002,117.989998,80.260002,94.330002,113.5,84.580002,41.32,80.169998,105.459999
6/5/2014,108.940002,81.849998,118.239998,80.290001,94.559998,113.790001,84.589996,41.41,80.220001,105.529999
6/6/2014,108.879997,81.839996,118.489998,80.25,94.830002,113.790001,84.57,41.5,80.269997,105.510002
6/9/2014,108.779999,81.769997,118.25,80.199997,94.940002,113.779999,84.510002,41.540001,80.120003,105.480003
6/10/2014,108.620003,81.610001,118.029999,80.150002,94.889999,113.589996,84.489998,41.57,80.190002,105.459999
6/11/2014,108.699997,81.639999,118.120003,80.169998,94.900002,113.699997,84.519997,41.529999,80.209999,105.480003
6/12/2014,108.910004,81.849998,118.5,80.220001,94.839996,114.040001,84.550003,41.529999,80.220001,105.519997
6/13/2014,108.879997,81.830002,118.480003,80.169998,94.949997,113.849998,84.5,41.599998,80.209999,105.459999
6/16/2014,108.82,81.809998,118.470001,80.139999,94.900002,113.959999,84.480003,41.59,80.120003,105.43
6/17/2014,108.620003,81.620003,118.07,80.080002,94.830002,113.800003,84.410004,41.59,80.099998,105.43
6/18/2014,108.910004,81.830002,118.75,80.150002,95.260002,114.360001,84.480003,41.73,80.220001,105.470001
6/19/2014,108.75,81.760002,118.330002,80.18,95.239998,114.199997,84.470001,41.709999,80.199997,105.449997
6/20/2014,108.940002,81.809998,118.559998,80.150002,95.330002,114.620003,84.470001,41.759998,80.199997,105.480003
6/23/2014,108.839996,81.779999,118.550003,80.129997,95.32,114.519997,84.470001,41.779999,80.190002,105.449997
6/24/2014,109.029999,81.93,119.050003,80.18,95.239998,115.040001,84.5,41.799999,80.190002,105.489998
6/25/2014,109.18,82.040001,119.169998,80.220001,95.379997,115.089996,84.510002,41.759998,80.269997,105.550003
6/26/2014,109.389999,82.150002,119.389999,80.269997,95.279999,115.309998,84.529999,41.740002,80.300003,105.540001
6/27/2014,109.389999,82.150002,119.370003,80.300003,95.279999,115.349998,84.550003,41.75,80.339996,105.589996
6/30/2014,109.400002,82.220001,119.260002,80.339996,95.199997,115.360001,84.559998,41.73,80.370003,105.68
7/1/2014,109.07,81.889999,118.470001,80.230003,94.809998,114.559998,84.5,41.57,80.239998,105.550003
7/2/2014,108.690002,81.669998,118.050003,80.150002,94.870003,114.019997,84.470001,41.57,80.07,105.529999
7/3/2014,108.620003,81.57,117.93,80.07,94.730003,114.110001,84.459999,41.580002,80.080002,105.510002
7/7/2014,108.650002,81.669998,118.139999,80.080002,94.660004,114.330002,84.440002,41.540001,80.050003,105.449997
7/8/2014,108.870003,81.82,118.580002,80.120003,94.68,114.699997,84.459999,41.529999,80.120003,105.480003
7/9/2014,108.959999,81.900002,118.769997,80.18,94.610001,114.980003,84.470001,41.52,80.169998,105.43
7/10/2014,109.010002,81.919998,118.68,80.220001,94.32,115.120003,84.510002,41.360001,80.220001,105.489998
7/11/2014,109.160004,82.040001,119.050003,80.25,94.480003,115.290001,84.529999,41.389999,80.220001,105.589996
7/14/2014,109.07,81.919998,118.800003,80.199997,94.449997,115.059998,84.519997,41.419998,80.18,105.529999
7/15/2014,108.93,81.860001,118.669998,80.160004,94.300003,114.809998,84.480003,41.380001,80.160004,105.529999
7/16/2014,109.019997,81.889999,118.949997,80.169998,94.150002,114.779999,84.470001,41.310001,80.150002,105.440002
7/17/2014,109.339996,82.110001,119.400002,80.25,93.489998,115.5,84.540001,41,80.160004,105.470001
7/18/2014,109.220001,82.110001,119.239998,80.199997,93.879997,115.279999,84.470001,41.139999,80.160004,105.449997
7/21/2014,109.260002,82.110001,119.239998,80.160004,93.720001,115.489998,84.480003,41.09,80.110001,105.370003
7/22/2014,109.440002,82.220001,119.330002,80.209999,93.849998,115.389999,84.480003,41.150002,80.139999,105.410004
7/23/2014,109.459999,82.18,119.470001,80.199997,94.029999,115.379997,84.510002,41.279999,80.209999,105.489998
7/24/2014,109.120003,82.019997,119,80.160004,94.199997,115.169998,84.480003,41.290001,80.110001,105.440002
7/25/2014,109.330002,82.169998,119.459999,80.169998,94.040001,115.669998,84.489998,41.18,80.150002,105.440002
7/28/2014,109.349998,82.150002,119.32,80.139999,93.760002,115.540001,84.449997,41.130001,80.18,105.449997
7/29/2014,109.459999,82.220001,119.43,80.150002,93.629997,115.709999,84.470001,41.110001,80.220001,105.389999
7/30/2014,109.07,81.910004,118.879997,80.080002,93.239998,114.949997,84.43,40.950001,80.120003,105.370003
7/31/2014,108.93,81.82,118.550003,80.07,92.480003,114.910004,84.470001,40.549999,80.120003,105.370003
8/1/2014,109.139999,81.919998,118.82,80.169998,92.040001,114.989998,84.550003,40.27,80.139999,105.43
8/4/2014,109.120003,82.029999,118.849998,80.220001,92.599998,114.82,84.550003,40.540001,80.220001,105.480003
8/5/2014,109.120003,81.919998,118.970001,80.18,92.419998,114.949997,84.550003,40.470001,80.190002,105.459999
8/6/2014,109.129997,82.010002,118.760002,80.239998,92.639999,114.959999,84.57,40.540001,80.220001,105.480003
8/7/2014,109.339996,82.190002,119.07,80.309998,92.699997,115.459999,84.610001,40.52,80.309998,105.5
8/8/2014,109.379997,82.129997,119.040001,80.279999,92.989998,115.360001,84.559998,40.689999,80.309998,105.510002
8/11/2014,109.389999,82.169998,119.089996,80.300003,93.43,115.370003,84.559998,40.889999,80.290001,105.529999
8/12/2014,109.339996,82.099998,119.029999,80.260002,93.410004,115.019997,84.559998,40.91,80.239998,105.489998
8/13/2014,109.559998,82.25,119.269997,80.300003,93.68,115.349998,84.599998,41.040001,80.32,105.510002
8/14/2014,109.620003,82.330002,119.400002,80.360001,93.860001,115.470001,84.620003,41.150002,80.339996,105.510002
8/15/2014,109.889999,82.480003,119.82,80.300003,94.050003,115.75,84.620003,41.18,80.360001,105.519997
8/18/2014,109.660004,82.309998,119.550003,80.290001,94.32,115.300003,84.620003,41.310001,80.309998,105.480003
8/19/2014,109.510002,82.300003,119.470001,80.300003,94.290001,115.089996,84.620003,41.34,80.309998,105.529999
8/20/2014,109.389999,82.18,119.199997,80.209999,94.360001,114.75,84.540001,41.34,80.199997,105.449997
8/21/2014,109.580002,82.269997,119.610001,80.199997,94.360001,114.970001,84.540001,41.330002,80.199997,105.459999
8/22/2014,109.559998,82.269997,119.760002,80.209999,94.129997,114.919998,84.519997,41.259998,80.160004,105.410004
8/25/2014,109.650002,82.300003,119.949997,80.150002,94.330002,115.059998,84.489998,41.389999,80.160004,105.370003
8/26/2014,109.660004,82.339996,120.029999,80.209999,94.400002,114.970001,84.519997,41.419998,80.160004,105.400002
8/27/2014,109.800003,82.470001,120.230003,80.220001,94.309998,115.18,84.540001,41.380001,80.230003,105.400002
8/28/2014,110.019997,82.580002,120.489998,80.220001,94.169998,115.360001,84.559998,41.369999,80.25,105.419998
8/29/2014,109.980003,82.580002,120.580002,80.269997,94.239998,115.25,84.599998,41.369999,80.239998,105.510002
9/2/2014,109.449997,82.120003,119.669998,80.110001,93.919998,114.440002,84.5,41.240002,80.050003,105.370003
9/3/2014,109.57,82.260002,119.830002,80.110001,93.68,114.650002,84.519997,41.119999,80.089996,105.400002
9/4/2014,109.43,82.120003,118.980003,80.120003,93.370003,114.220001,84.510002,40.98,80.07,105.379997
9/5/2014,109.370003,82.089996,119,80.150002,93.260002,114.099998,84.540001,40.939999,80.150002,105.410004
9/8/2014,109.260002,82.029999,118.800003,80.110001,93.169998,113.82,84.489998,40.900002,80.089996,105.389999
9/9/2014,109.110001,81.889999,118.480003,80.019997,92.739998,113.489998,84.440002,40.700001,79.980003,105.279999
9/10/2014,108.959999,81.739998,118.290001,79.940002,92.779999,113.059998,84.449997,40.68,79.919998,105.239998
9/11/2014,108.849998,81.68,118.199997,79.989998,92.779999,113.110001,84.459999,40.639999,79.910004,105.309998
9/12/2014,108.629997,81.550003,117.629997,79.940002,92.669998,112.660004,84.440002,40.610001,79.839996,105.279999
9/15/2014,108.610001,81.589996,117.660004,80,92.5,112.790001,84.480003,40.549999,79.910004,105.269997
9/16/2014,108.610001,81.559998,117.639999,80.029999,92.690002,112.760002,84.529999,40.57,79.970001,105.309998
9/17/2014,108.489998,81.459999,117.32,79.970001,92.989998,112,84.440002,40.639999,79.860001,105.290001
9/18/2014,108.5,81.470001,117.529999,79.949997,93.019997,111.709999,84.449997,40.669998,79.849998,105.269997
9/19/2014,108.68,81.639999,117.989998,79.959999,93.160004,112.040001,84.440002,40.740002,79.910004,105.309998
9/22/2014,108.830002,81.739998,118.099998,80.010002,92.989998,111.959999,84.5,40.68,79.989998,105.279999
9/23/2014,108.93,81.779999,118.290001,80.050003,92.519997,112.379997,84.519997,40.5,80,105.300003
9/24/2014,108.860001,81.730003,118.010002,80.040001,92.239998,112.279999,84.489998,40.34,79.900002,105.300003
9/25/2014,109.07,81.93,118.360001,80.089996,91.610001,112.690002,84.550003,40.139999,79.970001,105.32
9/26/2014,109.059998,81.849998,118.099998,80.050003,91.550003,112.110001,84.510002,40.09,79.93,105.309998
9/29/2014,109.18,81.949997,118.050003,80.07,91.360001,112.190002,84.529999,39.98,79.959999,105.290001
9/30/2014,109.110001,81.93,118.220001,80.07,91.949997,112.07,84.510002,40.18,79.870003,105.279999
10/1/2014,109.529999,82.120003,118.599998,80.169998,91.660004,112.870003,84.57,40.080002,79.989998,105.290001
10/2/2014,109.349998,82.059998,118.589996,80.139999,91.839996,112.589996,84.559998,40.080002,79.860001,105.309998
10/3/2014,109.300003,82.010002,118.93,80.040001,92.150002,112.410004,84.480003,40.240002,79.849998,105.260002
10/6/2014,109.400002,82.199997,118.989998,80.139999,92.25,112.510002,84.559998,40.27,79.900002,105.339996
10/7/2014,109.82,82.410004,119.419998,80.199997,91.900002,112.980003,84.610001,40.139999,80.019997,105.410004
10/8/2014,110.129997,82.629997,120.029999,80.379997,92.339996,113.599998,84.699997,40.259998,80.300003,105.550003
10/9/2014,109.910004,82.5,119.529999,80.330002,91.360001,113.480003,84.699997,39.849998,80.169998,105.510002
10/10/2014,109.989998,82.57,119.629997,80.370003,90.620003,113.790001,84.739998,39.48,80.160004,105.480003
10/13/2014,110.309998,82.809998,119.940002,80.519997,90.169998,114.32,84.769997,39.360001,80.389999,105.540001
10/14/2014,110.559998,82.919998,120.209999,80.519997,90.470001,114.050003,84.82,39.450001,80.339996,105.599998
10/15/2014,110.760002,83.110001,120.300003,80.699997,90.489998,114.18,84.93,39.380001,80.449997,105.580002
10/16/2014,110.669998,82.970001,120.029999,80.660004,91,114.040001,84.879997,39.639999,80.290001,105.620003
10/17/2014,110.519997,82.910004,119.980003,80.580002,91.769997,114,84.830002,40,80.400002,105.540001
10/20/2014,110.650002,82.980003,120.199997,80.599998,92.43,114.040001,84.879997,40.360001,80.470001,105.599998
10/21/2014,110.550003,82.860001,120.129997,80.57,93.18,113.809998,84.860001,40.529999,80.480003,105.599998
10/22/2014,110.489998,82.839996,119.93,80.57,92.57,113.760002,84.839996,40.25,80.389999,105.559998
10/23/2014,110.230003,82.589996,119.699997,80.480003,92.529999,113.349998,84.800003,40.279999,80.32,105.510002
10/24/2014,110.269997,82.660004,119.75,80.43,92.790001,113.290001,84.82,40.439999,80.309998,105.540001
10/27/2014,110.309998,82.629997,119.900002,80.459999,92.410004,113.230003,84.82,40.310001,80.330002,105.519997
10/28/2014,110.139999,82.580002,119.5,80.419998,92.559998,113.18,84.800003,40.310001,80.25,105.510002
10/29/2014,109.900002,82.440002,119.279999,80.300003,92.489998,113.029999,84.690002,40.380001,80.089996,105.410004
10/30/2014,110.080002,82.5,119.360001,80.300003,92.449997,112.989998,84.720001,40.360001,80.120003,105.43
10/31/2014,110.080002,82.360001,119.339996,80.309998,92.529999,113.080002,84.699997,40.360001,80.129997,105.470001
11/3/2014,109.68,82.150002,118.769997,80.169998,92.32,113.080002,84.660004,40.25,79.910004,105.269997
11/4/2014,109.690002,82.129997,118.940002,80.169998,92.029999,113.040001,84.650002,40.119999,79.889999,105.269997
11/5/2014,109.730003,82.230003,118.720001,80.120003,92.010002,113.150002,84.629997,40.080002,79.93,105.279999
11/6/2014,109.540001,82.040001,118.360001,80.099998,92.25,112.959999,84.610001,40.16,79.870003,105.209999
11/7/2014,109.910004,82.32,119.110001,80.209999,92.339996,113.620003,84.669998,40.18,79.959999,105.330002
11/10/2014,109.650002,82.150002,118.510002,80.150002,92.379997,113.220001,84.610001,40.189999,79.889999,105.290001
11/11/2014,109.699997,82.190002,118.5,80.129997,92.589996,113.199997,84.599998,40.27,79.919998,105.199997
11/12/2014,109.709999,82.18,118.489998,80.150002,92.290001,113.040001,84.629997,40.200001,79.919998,105.209999
11/13/2014,109.760002,82.239998,118.360001,80.18,91.910004,112.910004,84.650002,39.990002,79.860001,105.239998
11/14/2014,109.860001,82.260002,118.510002,80.230003,91.449997,113.199997,84.690002,39.860001,79.970001,105.279999
11/17/2014,109.730003,82.260002,118.230003,80.190002,91.440002,112.809998,84.68,39.790001,79.989998,105.260002
11/18/2014,109.830002,82.379997,118.330002,80.220001,91.260002,112.910004,84.669998,39.709999,80.019997,105.260002
11/19/2014,109.57,82.169998,117.699997,80.209999,91.239998,112.43,84.660004,39.669998,79.879997,105.220001
11/20/2014,109.769997,82.269997,118.150002,80.239998,91.25,112.720001,84.68,39.650002,79.940002,105.269997
11/21/2014,109.900002,82.449997,118.660004,80.269997,91.75,113.059998,84.699997,39.869999,80.019997,105.239998
11/24/2014,109.940002,82.459999,118.849998,80.300003,91.739998,113.150002,84.709999,39.880001,80.050003,105.309998
11/25/2014,110.18,82.610001,119.360001,80.330002,91.889999,113.25,84.720001,39.939999,80.120003,105.360001
11/26/2014,110.269997,82.730003,119.769997,80.360001,92.010002,113.309998,84.730003,39.98,80.150002,105.410004
11/28/2014,110.610001,82.870003,120.089996,80.440002,91.129997,113.260002,84.760002,39.580002,80.18,105.480003
12/1/2014,110.080002,82.580002,119.339996,80.379997,89.800003,112.93,84.730003,39.09,80.029999,105.379997
12/2/2014,109.860001,82.400002,118.540001,80.230003,90.290001,112.290001,84.68,39.209999,79.910004,105.349998
12/3/2014,109.760002,82.379997,118.660004,80.25,90.440002,112.43,84.639999,39.209999,79.900002,105.309998
12/4/2014,110.089996,82.519997,118.849998,80.279999,90.379997,112.650002,84.690002,39.169998,79.93,105.309998
12/5/2014,109.620003,82.279999,118.360001,80.040001,90.309998,112,84.529999,39.130001,79.739998,105.110001
12/8/2014,109.889999,82.449997,118.919998,80.080002,89.849998,112.089996,84.519997,38.889999,79.730003,105.029999
12/9/2014,110.059998,82.480003,119.019997,80.129997,89.800003,112.57,84.550003,38.779999,79.809998,105.050003
12/10/2014,110.25,82.699997,118.980003,80.199997,88.769997,112.800003,84.620003,38.32,79.93,105.150002
12/11/2014,110.209999,82.620003,118.860001,80.129997,88.449997,112.650002,84.580002,38.080002,79.830002,105.120003
12/12/2014,110.559998,82.900002,119.050003,80.300003,87.25,112.779999,84.660004,37.630001,79.940002,105.160004
12/15/2014,110.260002,82.75,119.330002,80.160004,87.199997,112.339996,84.599998,37.740002,79.75,105.099998
12/16/2014,110.529999,82.940002,119.290001,80.269997,86.889999,113.040001,84.650002,37.459999,79.809998,105.129997
12/17/2014,110.389999,82.739998,119.32,80.199997,88.660004,112.510002,84.57,38.169998,79.809998,105.099998
12/18/2014,110.099998,82.610001,119.440002,80.059998,89.370003,111.800003,84.519997,38.439999,79.769997,104.93
12/19/2014,110.279999,82.790001,119.379997,80.040001,90.230003,112.349998,84.459999,38.889999,79.720001,105.040001
12/22/2014,110.449997,82.75,119.760002,80.040001,90.010002,112.459999,84.480003,38.84,79.68,105.099998
12/23/2014,109.940002,82.010002,118.849998,79.730003,90.330002,111.650002,84.389999,38.959999,79.449997,105
12/24/2014,109.690002,82.040001,118.910004,79.739998,90.25,111.529999,84.400002,39.07,79.459999,104.980003
12/26/2014,109.739998,82.110001,119,79.769997,89.970001,111.57,84.370003,38.950001,79.410004,104.980003
12/29/2014,109.970001,82.25,119.230003,79.879997,90.019997,111.739998,84.449997,38.810001,79.440002,105.019997
12/30/2014,110.089996,82.309998,119.330002,79.910004,89.839996,111.709999,84.480003,38.779999,79.580002,105.089996
12/31/2014,110.120003,82.370003,119.410004,79.949997,89.599998,112.010002,84.449997,38.610001,79.629997,105.18
1/2/2015,110.43,82.650002,119.830002,79.949997,89.599998,112.730003,84.540001,38.68,79.550003,105.150002
1/5/2015,110.669998,82.889999,120.32,80.019997,88.769997,112.82,84.540001,38.41,79.580002,105.120003
1/6/2015,110.949997,83.129997,120.809998,80.089996,88.43,112.830002,84.580002,38.23,79.68,105.110001
1/7/2015,110.93,83.18,120.970001,80.160004,88.980003,112.919998,84.620003,38.439999,79.790001,105.239998
1/8/2015,110.760002,83.050003,120.580002,80.169998,89.650002,112.739998,84.610001,38.700001,79.779999,105.209999
1/9/2015,111.029999,83.190002,120.900002,80.25,90.099998,113.080002,84.68,38.91,79.860001,105.300003
1/12/2015,111.120003,83.300003,121.129997,80.269997,89.989998,113.050003,84.730003,38.869999,79.949997,105.290001
1/13/2015,111.150002,83.379997,121.239998,80.349998,89.989998,112.870003,84.779999,38.830002,79.919998,105.309998
1/14/2015,111.419998,83.57,121.449997,80.480003,89.779999,113.540001,84.830002,38.740002,79.980003,105.43
1/15/2015,111.93,83.940002,122.080002,80.639999,89.230003,114.440002,84.959999,38.52,80.190002,105.580002
1/16/2015,111.5,83.690002,121.400002,80.580002,89.57,113.800003,84.879997,38.630001,80.099998,105.349998
1/20/2015,111.690002,83.599998,121.68,80.5,89.410004,114.07,84.839996,38.630001,80.169998,105.32
1/21/2015,111.489998,83.440002,121.629997,80.410004,89.889999,113.599998,84.839996,38.779999,80.129997,105.330002
1/22/2015,111.43,83.459999,121.57,80.389999,90.010002,113.629997,84.809998,38.830002,79.980003,105.339996
1/23/2015,111.709999,83.730003,122.279999,80.440002,90.010002,114.32,84.849998,38.84,80.07,105.419998
1/26/2015,111.660004,83.629997,122.25,80.410004,90.419998,114.129997,84.800003,39.07,79.959999,105.300003
1/27/2015,111.599998,83.68,122.339996,80.449997,90.349998,114.489998,84.849998,39.02,80.019997,105.339996
1/28/2015,112.07,83.980003,123.169998,80.529999,90.160004,114.93,84.910004,38.869999,80.199997,105.419998
1/29/2015,111.980003,83.889999,122.879997,80.510002,90.480003,114.800003,84.879997,39.02,80.209999,105.480003
1/30/2015,112.379997,84.349998,123.889999,80.709999,90.230003,115.629997,84.980003,38.939999,80.370003,105.459999
2/2/2015,112.199997,84.080002,123.669998,80.559998,90.209999,115.550003,84.919998,38.84,80.209999,105.400002
2/3/2015,111.769997,83.82,122.669998,80.459999,90.720001,115.019997,84.849998,39.029999,80.150002,105.349998
2/4/2015,111.940002,83.849998,122.839996,80.5,90.339996,115.260002,84.860001,38.919998,80.190002,105.400002
2/5/2015,111.709999,83.669998,122.449997,80.489998,90.870003,114.760002,84.830002,39.150002,80.160004,105.470001
2/6/2015,111.059998,83.129997,121.169998,80.18,90.940002,113.860001,84.629997,39.23,79.949997,105.169998
2/9/2015,111.040001,83.099998,121.25,80.160004,90.720001,113.660004,84.620003,39.189999,79.940002,105.169998
2/10/2015,110.919998,82.949997,120.919998,80.089996,91.029999,113.279999,84.599998,39.299999,79.849998,105.190002
2/11/2015,110.870003,82.949997,121,80.089996,91,113.07,84.610001,39.310001,79.75,105.18
2/12/2015,110.889999,82.989998,121.309998,80.139999,90.989998,112.889999,84.639999,39.330002,79.910004,105.18
2/13/2015,110.760002,82.800003,120.830002,80.110001,91.120003,112.660004,84.639999,39.43,79.970001,105.190002
2/17/2015,110.309998,82.470001,120.269997,80.040001,91.059998,112.089996,84.599998,39.41,79.849998,105.239998
2/18/2015,110.620003,82.699997,120.699997,80.160004,91.370003,112.559998,84.699997,39.509998,79.959999,105.410004
2/19/2015,110.529999,82.629997,120.68,80.110001,91.160004,112.470001,84.650002,39.470001,79.949997,105.360001
2/20/2015,110.550003,82.650002,120.860001,80.110001,91.410004,112.480003,84.639999,39.549999,79.959999,105.370003
2/23/2015,110.75,82.82,121.269997,80.150002,91.480003,112.690002,84.68,39.59,79.940002,105.349998
2/24/2015,111.239998,83.160004,122.059998,80.309998,91.57,113.370003,84.75,39.66,80.139999,105.529999
2/25/2015,111.32,83.239998,122.169998,80.300003,91.870003,113.559998,84.75,39.68,80.139999,105.459999
2/26/2015,110.919998,83.010002,121.510002,80.190002,91.849998,113.480003,84.669998,39.73,80.029999,105.379997
2/27/2015,111.199997,83.080002,121.800003,80.239998,91.870003,114.139999,84.699997,39.779999,80.089996,105.360001
3/2/2015,110.449997,82.650002,120.419998,80.080002,91.459999,113.209999,84.599998,39.580002,79.879997,105.230003
3/3/2015,110.309998,82.550003,120.349998,79.980003,91.199997,113.370003,84.580002,39.459999,79.800003,105.199997
3/4/2015,110.370003,82.550003,120.269997,80.019997,91.029999,113.480003,84.599998,39.400002,79.839996,105.190002
3/5/2015,110.419998,82.599998,120.43,80.099998,91.199997,113.279999,84.629997,39.439999,79.93,105.25
3/6/2015,109.699997,82.120003,119.150002,79.910004,90.620003,111.970001,84.540001,39.220001,79.760002,105.129997
3/9/2015,109.980003,82.220001,119.629997,79.980003,90.43,111.800003,84.580002,39.189999,79.779999,105.190002
3/10/2015,110.239998,82.540001,119.82,80.040001,90.080002,111.93,84.599998,39.099998,79.830002,105.139999
3/11/2015,110.459999,82.629997,120.43,80.059998,90.330002,112.120003,84.599998,39.16,79.860001,105.169998
3/12/2015,110.550003,82.690002,120.309998,80.139999,90.510002,111.870003,84.620003,39.25,79.800003,105.220001
3/13/2015,110.339996,82.610001,119.970001,80.129997,90.199997,111.510002,84.629997,39.07,79.849998,105.18
3/16/2015,110.580002,82.769997,120.089996,80.110001,90.110001,111.669998,84.639999,39,79.889999,105.239998
3/17/2015,110.559998,82.839996,120.290001,80.089996,89.660004,111.779999,84.620003,38.810001,79.839996,105.160004
3/18/2015,111.370003,83.349998,121.769997,80.400002,90.459999,113.489998,84.82,39.150002,80.190002,105.43
3/19/2015,110.980003,83.099998,121.150002,80.25,89.739998,113.419998,84.709999,38.849998,80,105.349998
3/20/2015,111.32,83.32,121.489998,80.400002,90.440002,113.760002,84.769997,39.130001,80.110001,105.400002
3/23/2015,111.339996,83.360001,121.769997,80.410004,90.510002,113.709999,84.800003,39.189999,80.160004,105.400002
3/24/2015,111.639999,83.5,121.949997,80.410004,90.650002,114.260002,84.830002,39.220001,80.150002,105.459999
3/25/2015,111.43,83.370003,121.550003,80.379997,90.410004,114.230003,84.809998,39.139999,80.120003,105.400002
3/26/2015,111.029999,83.099998,120.800003,80.349998,90.400002,113.620003,84.769997,39.150002,80.110001,105.389999
3/27/2015,111.190002,83.18,121.279999,80.410004,90.470001,113.669998,84.82,39.139999,80.139999,105.43
3/30/2015,111.239998,83.279999,121.489998,80.440002,90.720001,113.330002,84.809998,39.23,80.139999,105.440002
3/31/2015,111.43,83.370003,121.709999,80.519997,90.610001,113.589996,84.879997,39.220001,80.209999,105.529999
4/1/2015,111.580002,83.510002,121.730003,80.459999,90.389999,114.470001,84.879997,39.130001,80.260002,105.470001
4/2/2015,111.43,83.400002,121.529999,80.480003,90.459999,114.050003,84.870003,39.150002,80.209999,105.489998
4/6/2015,111.5,83.470001,121.690002,80.610001,90.690002,114.5,84.940002,39.240002,80.260002,105.529999
4/7/2015,111.519997,83.519997,122.129997,80.550003,91.169998,114.75,84.879997,39.360001,80.300003,105.470001
4/8/2015,111.529999,83.459999,122.089996,80.489998,91.150002,114.470001,84.879997,39.380001,80.300003,105.559998
4/9/2015,111.25,83.279999,121.470001,80.410004,91.059998,114.059998,84.849998,39.360001,80.18,105.519997
4/10/2015,111.25,83.239998,121.639999,80.410004,91.269997,113.949997,84.830002,39.400002,80.190002,105.459999
4/13/2015,111.370003,83.260002,121.599998,80.459999,91.099998,113.980003,84.879997,39.419998,80.260002,105.529999
4/14/2015,111.489998,83.410004,121.879997,80.480003,91.139999,114.279999,84.919998,39.470001,80.32,105.580002
4/15/2015,111.639999,83.489998,121.959999,80.550003,91.5,114.629997,84.919998,39.57,80.379997,105.68
4/16/2015,111.580002,83.470001,121.889999,80.57,91.309998,114.760002,84.959999,39.529999,80.440002,105.720001
4/17/2015,111.669998,83.610001,122.220001,80.559998,91.029999,115.489998,84.919998,39.41,80.400002,105.669998
4/20/2015,111.589996,83.519997,121.93,80.519997,91.230003,115.18,84.910004,39.529999,80.32,105.620003
4/21/2015,111.470001,83.419998,121.900002,80.519997,91.290001,114.769997,84.919998,39.549999,80.269997,105.589996
4/22/2015,111.139999,83.110001,121.110001,80.410004,91.199997,114.239998,84.849998,39.540001,80.199997,105.550003
4/23/2015,111.309998,83.269997,121.419998,80.480003,91.169998,114.529999,84.889999,39.529999,80.25,105.699997
4/24/2015,111.5,83.400002,121.650002,80.529999,91.32,115.019997,84.919998,39.580002,80.279999,105.690002
4/27/2015,111.540001,83.339996,121.559998,80.510002,91.349998,115.040001,84.910004,39.610001,80.309998,105.669998
4/28/2015,111.110001,83.080002,120.839996,80.449997,91.209999,114.379997,84.870003,39.580002,80.230003,105.57
4/29/2015,110.860001,82.82,119.839996,80.43,91.040001,114.169998,84.879997,39.490002,80.169998,105.540001
4/30/2015,110.860001,82.910004,119.940002,80.370003,90.989998,114.360001,84.870003,39.439999,80.129997,105.540001
5/1/2015,110.339996,82.5,118.949997,80.209999,90.790001,113.889999,84.800003,39.34,80.019997,105.510002
5/4/2015,110.129997,82.379997,118.57,80.220001,90.769997,113.449997,84.800003,39.369999,80,105.470001
5/5/2015,110.029999,82.25,118.370003,80.239998,90.650002,113.400002,84.779999,39.34,80.040001,105.440002
5/6/2015,109.660004,82.019997,117.860001,80.169998,90.379997,112.489998,84.75,39.220001,79.870003,105.389999
5/7/2015,109.93,82.190002,118.330002,80.220001,90.370003,112.779999,84.720001,39.189999,79.910004,105.459999
5/8/2015,110.290001,82.410004,119.010002,80.339996,91.080002,113.25,84.839996,39.439999,80.019997,105.57
5/11/2015,109.589996,81.980003,117.809998,80.220001,90.510002,112.220001,84.760002,39.27,79.919998,105.470001
5/12/2015,109.580002,81.879997,117.639999,80.209999,90.5,112.330002,84.769997,39.259998,79.940002,105.519997
5/13/2015,109.57,81.839996,117.529999,80.260002,90.370003,112.160004,84.809998,39.200001,80.010002,105.559998
5/14/2015,109.739998,82,117.93,80.339996,90.809998,112.370003,84.889999,39.41,80.190002,105.660004
5/15/2015,110.199997,82.330002,118.75,80.419998,91.010002,113.150002,84.889999,39.450001,80.239998,105.629997
5/18/2015,109.779999,82.029999,117.839996,80.339996,90.860001,112.550003,84.839996,39.369999,80.160004,105.540001
5/19/2015,109.400002,81.849998,117.209999,80.199997,90.720001,112.010002,84.790001,39.290001,80.010002,105.440002
5/20/2015,109.57,81.849998,117.349998,80.269997,90.610001,112.309998,84.82,39.290001,80.040001,105.510002
5/21/2015,109.910004,82.110001,117.910004,80.309998,90.739998,112.739998,84.849998,39.330002,80.129997,105.510002
5/22/2015,109.790001,82.059998,117.830002,80.269997,90.809998,112.93,84.790001,39.380001,79.980003,105.5
5/26/2015,110.059998,82.260002,118.349998,80.300003,90.620003,113.019997,84.800003,39.32,80.059998,105.510002
5/27/2015,110.169998,82.300003,118.470001,80.32,90.82,112.919998,84.809998,39.419998,80.059998,105.440002
5/28/2015,110.129997,82.309998,118.220001,80.360001,90.779999,112.849998,84.849998,39.380001,80.099998,105.559998
5/29/2015,110.169998,82.339996,118.269997,80.379997,90.910004,113.209999,84.870003,39.419998,80.080002,105.510002
6/1/2015,109.660004,81.900002,117.279999,80.209999,90.660004,112.510002,84.779999,39.220001,79.870003,105.349998
6/2/2015,109.230003,81.669998,116.68,80.160004,90.489998,112.050003,84.769997,39.18,79.75,105.300003
6/3/2015,108.800003,81.309998,115.93,80.07,90,111.360001,84.739998,38.98,79.669998,105.230003
6/4/2015,109.029999,81.510002,116.529999,80.110001,89.709999,111.669998,84.75,38.889999,79.769997,105.239998
6/5/2015,108.550003,81.190002,115.940002,79.970001,89.440002,111.360001,84.669998,38.799999,79.57,105.150002
6/8/2015,108.709999,81.290001,115.860001,80.010002,89.440002,111.510002,84.720001,38.759998,79.580002,105.230003
6/9/2015,108.400002,81.050003,115.339996,79.970001,89.290001,111.260002,84.68,38.700001,79.5,105.129997
6/10/2015,108.129997,80.879997,115.029999,79.919998,89.410004,110.860001,84.660004,38.700001,79.459999,105.07
6/11/2015,108.709999,81.260002,116.050003,80,89.589996,111.410004,84.68,38.790001,79.559998,105.160004
6/12/2015,108.580002,81.199997,115.849998,79.970001,89.260002,111.470001,84.660004,38.689999,79.5,105.150002
6/15/2015,108.709999,81.209999,115.830002,80,88.839996,111.830002,84.699997,38.490002,79.510002,105.129997
6/16/2015,108.889999,81.419998,116.120003,80.050003,89.339996,112.489998,84.730003,38.650002,79.5,105.169998
6/17/2015,108.900002,81.449997,116.110001,80.099998,89.260002,112.620003,84.790001,38.630001,79.589996,105.160004
6/18/2015,108.870003,81.389999,115.900002,80.139999,89.589996,112.349998,84.809998,38.73,79.629997,105.239998
6/19/2015,109.209999,81.620003,116.519997,80.18,89.639999,112.610001,84.830002,38.700001,79.660004,105.269997
6/22/2015,108.669998,81.230003,115.599998,80.07,89.82,112.110001,84.769997,38.849998,79.589996,105.220001
6/23/2015,108.419998,81.040001,115.339996,80.059998,89.760002,111.860001,84.75,38.84,79.550003,105.160004
6/24/2015,108.589996,81.190002,115.650002,80.07,89.519997,112.059998,84.790001,38.77,79.540001,105.230003
6/25/2015,108.470001,81.080002,115.470001,80.029999,89.25,111.940002,84.769997,38.709999,79.5,105.129997
6/26/2015,108.209999,80.93,114.940002,79.980003,88.989998,111.440002,84.720001,38.580002,79.440002,105.169998
6/29/2015,108.849998,81.339996,115.940002,80.199997,88.379997,112.260002,84.860001,38.310001,79.57,105.300003
6/30/2015,108.779999,81.260002,115.720001,80.190002,88.800003,112.050003,84.860001,38.43,79.580002,105.330002
7/1/2015,108.290001,80.900002,115.019997,79.949997,88.419998,111.639999,84.75,38.299999,79.379997,105.160004
7/2/2015,108.440002,81.099998,115.459999,80.099998,88.75,112.129997,84.879997,38.369999,79.5,105.300003
7/6/2015,108.830002,81.379997,115.919998,80.169998,88.459999,112.57,84.900002,38.27,79.57,105.32
7/7/2015,108.980003,81.459999,116.400002,80.18,88.529999,112.940002,84.889999,38.23,79.720001,105.360001
7/8/2015,109.239998,81.690002,116.559998,80.300003,88.089996,113.080002,84.980003,37.990002,79.720001,105.300003
7/9/2015,108.839996,81.419998,115.790001,80.230003,88.290001,112.349998,84.919998,38.09,79.589996,105.269997
7/10/2015,108.379997,81.040001,115.050003,80.089996,88.800003,111.82,84.839996,38.259998,79.510002,105.169998
7/13/2015,108.220001,80.849998,114.800003,80.010002,88.879997,111.43,84.800003,38.299999,79.480003,105.099998
7/14/2015,108.400002,81,114.900002,80.089996,88.790001,111.610001,84.839996,38.290001,79.5,105.139999
7/15/2015,108.690002,81.230003,115.199997,80.150002,88.790001,111.919998,84.870003,38.299999,79.559998,105.169998
7/16/2015,108.779999,81.230003,115.379997,80.129997,88.93,112.059998,84.830002,38.34,79.550003,105.18
7/17/2015,108.790001,81.239998,115.459999,80.089996,88.690002,112.019997,84.809998,38.200001,79.529999,105.150002
7/20/2015,108.599998,81.129997,115.190002,80.019997,88.279999,111.720001,84.760002,38.119999,79.489998,105.080002
7/21/2015,108.779999,81.279999,115.43,80.040001,88.120003,111.980003,84.769997,38,79.519997,105.089996
7/22/2015,108.830002,81.309998,115.580002,80.010002,87.550003,112.029999,84.760002,37.799999,79.459999,105.050003
7/23/2015,109.139999,81.5,115.919998,80.07,87.5,112.220001,84.769997,37.82,79.580002,105.07
7/24/2015,109.120003,81.550003,115.870003,80.110001,87.25,112.099998,84.790001,37.68,79.550003,105.099998
7/27/2015,109.260002,81.709999,115.879997,80.190002,86.879997,112.330002,84.849998,37.52,79.589996,105.120003
7/28/2015,109.150002,81.57,115.790001,80.169998,87.349998,112.059998,84.830002,37.650002,79.660004,105.089996
7/29/2015,109.059998,81.5,115.690002,80.110001,87.860001,112.050003,84.809998,37.880001,79.629997,105.139999
7/30/2015,109.07,81.529999,115.75,80.120003,88.120003,112.209999,84.769997,37.990002,79.559998,105.089996
7/31/2015,109.5,81.809998,116.349998,80.220001,87.970001,112.650002,84.860001,37.970001,79.75,105.190002
8/3/2015,109.410004,81.830002,116.290001,80.209999,87.410004,112.550003,84.849998,37.669998,79.629997,105.059998
8/4/2015,109.080002,81.550003,115.699997,80.029999,87.459999,111.919998,84.730003,37.68,79.410004,104.989998
8/5/2015,108.879997,81.419998,115.25,79.959999,87.339996,111.57,84.730003,37.66,79.32,104.970001
8/6/2015,109.010002,81.470001,115.470001,80.010002,86.980003,111.769997,84.75,37.509998,79.339996,104.93
8/7/2015,109.199997,81.639999,115.870003,80.029999,86.709999,112.080002,84.709999,37.360001,79.260002,104.889999
8/10/2015,109.059998,81.470001,115.410004,80.019997,86.959999,111.919998,84.709999,37.419998,79.290001,104.949997
8/11/2015,109.419998,81.779999,115.889999,80.150002,86.559998,112.379997,84.82,37.259998,79.470001,105.040001
8/12/2015,109.349998,81.75,115.709999,80.150002,86.440002,112.120003,84.82,37.18,79.470001,105.080002
8/13/2015,109.120003,81.580002,115.309998,80.07,86.330002,111.82,84.75,37.150002,79.400002,104.949997
8/14/2015,109.07,81.550003,115.419998,79.989998,86.379997,111.699997,84.709999,37.18,79.349998,105.010002
8/17/2015,109.260002,81.699997,115.790001,80.080002,86.379997,111.690002,84.760002,37.130001,79.410004,105.019997
8/18/2015,109.059998,81.550003,115.349998,80.040001,86.269997,111.419998,84.75,37.119999,79.379997,105.040001
8/19/2015,109.400002,81.839996,115.910004,80.199997,86.190002,111.800003,84.830002,37.029999,79.510002,105.150002
8/20/2015,109.57,81.910004,115.980003,80.190002,85.769997,112.110001,84.800003,36.830002,79.440002,105.120003
8/21/2015,109.760002,82.040001,116.010002,80.290001,85.459999,112.150002,84.889999,36.720001,79.459999,105.110001
8/24/2015,109.720001,82.019997,115.690002,80.300003,84.760002,111.760002,84.93,36.290001,79.330002,104.93
8/25/2015,109.459999,81.75,115.099998,80.290001,84.93,111.489998,84.889999,36.400002,79.379997,104.959999
8/26/2015,108.949997,81.400002,115.029999,80.199997,85.639999,110.82,84.839996,36.759998,79.449997,105.019997
8/27/2015,109.099998,81.510002,115.139999,80.199997,86.279999,111.360001,84.849998,36.970001,79.43,105.199997
8/28/2015,109,81.550003,115.349998,80.099998,86.360001,111.68,84.809998,36.990002,79.410004,105.129997
8/31/2015,108.919998,81.440002,115.059998,80.07,86.239998,111.580002,84.779999,37.009998,79.360001,105.07
9/1/2015,109.019997,81.470001,115.419998,80.110001,85.580002,111.07,84.769997,36.66,79.440002,105.059998
9/2/2015,108.879997,81.410004,115.25,80.129997,85.93,110.720001,84.790001,36.860001,79.459999,105.050003
9/3/2015,109.040001,81.470001,115.800003,80.129997,86.050003,110.730003,84.790001,36.849998,79.540001,105.089996
9/4/2015,109.269997,81.669998,116.059998,80.18,85.959999,110.910004,84.800003,36.810001,79.519997,105.089996
9/8/2015,109.010002,81.470001,115.519997,80.110001,86.43,110.410004,84.769997,37.049999,79.540001,105
9/9/2015,109.050003,81.449997,115.769997,80.129997,86.32,110.660004,84.75,37.009998,79.480003,104.940002
9/10/2015,108.93,81.279999,115.540001,80.110001,86.529999,110.690002,84.779999,37.080002,79.449997,104.949997
9/11/2015,109.059998,81.449997,115.620003,80.18,86.5,111,84.809998,37.040001,79.529999,105.019997
9/14/2015,109.089996,81.470001,115.610001,80.150002,86.349998,110.790001,84.790001,37.040001,79.510002,104.949997
9/15/2015,108.599998,81.129997,114.739998,79.959999,86.330002,110.040001,84.669998,37.009998,79.300003,104.82
9/16/2015,108.510002,81.080002,114.949997,80.010002,86.019997,110.010002,84.660004,36.889999,79.290001,104.82
9/17/2015,109.190002,81.540001,115.900002,80.220001,86.089996,110.870003,84.849998,36.93,79.540001,105.080002
9/18/2015,109.279999,81.769997,116.25,80.330002,85.849998,111.220001,84.889999,36.75,79.559998,105.099998
9/21/2015,108.989998,81.470001,115.660004,80.199997,85.690002,110.519997,84.839996,36.759998,79.519997,105.080002
9/22/2015,109.25,81.620003,116.160004,80.279999,85.07,110.790001,84.889999,36.52,79.610001,105.099998
9/23/2015,109.160004,81.620003,116.089996,80.279999,84.919998,110.709999,84.860001,36.450001,79.629997,105.07
9/24/2015,109.300003,81.650002,116.110001,80.269997,84.5,110.720001,84.910004,36.240002,79.650002,105.110001
9/25/2015,109.110001,81.5,115.760002,80.230003,84.07,110.129997,84.870003,36.110001,79.550003,105.120003
9/28/2015,109.370003,81.709999,115.959999,80.290001,82.779999,110.160004,84.93,35.59,79.5,105.080002
9/29/2015,109.540001,81.769997,116.110001,80.360001,82.769997,110.470001,84.970001,35.560001,79.589996,105.110001
9/30/2015,109.580002,81.93,116.089996,80.389999,83.290001,110.690002,84.989998,35.66,79.709999,105.129997
10/1/2015,109.459999,81.809998,115.730003,80.300003,82.360001,111.029999,84.949997,35.369999,79.5,105.07
10/2/2015,109.790001,82.120003,116.239998,80.489998,82.440002,111.669998,85.07,35.330002,79.709999,105.169998
10/5/2015,109.379997,81.800003,115.93,80.400002,83.43,111.330002,85.010002,35.720001,79.669998,105.129997
10/6/2015,109.650002,81.910004,116.160004,80.419998,83.889999,111.650002,85,35.830002,79.730003,105.18
10/7/2015,109.57,81.910004,116.57,80.370003,84.75,111.629997,84.980003,36.169998,79.75,105.169998
10/8/2015,109.419998,81.779999,116.110001,80.379997,85.099998,111.589996,84.959999,36.299999,79.769997,105.160004
10/9/2015,109.330002,81.769997,116.160004,80.360001,85.110001,111.279999,84.959999,36.310001,79.769997,105.150002
10/12/2015,109.610001,81.910004,116.629997,80.419998,84.949997,111.480003,84.940002,36.27,79.790001,105.190002
10/13/2015,109.620003,81.959999,116.540001,80.449997,84.75,111.419998,84.970001,36.200001,79.769997,105.25
10/14/2015,110.029999,82.260002,117,80.589996,84.690002,111.800003,85.089996,36.200001,79.879997,105.349998
10/15/2015,109.879997,82.099998,116.949997,80.510002,84.889999,111.589996,85.040001,36.220001,79.860001,105.370003
10/16/2015,109.769997,82.07,116.989998,80.470001,85.279999,111.290001,85,36.380001,79.889999,105.309998
10/19/2015,109.879997,82.07,116.980003,80.510002,85.510002,111.099998,85.029999,36.509998,79.849998,105.339996
10/20/2015,109.660004,81.940002,116.760002,80.360001,85.589996,110.970001,84.980003,36.509998,79.839996,105.290001
10/21/2015,109.919998,82.089996,117.339996,80.419998,85.5,111.040001,85.010002,36.459999,79.900002,105.379997
10/22/2015,109.940002,82.230003,117.589996,80.480003,85.529999,111.419998,85.040001,36.450001,79.980003,105.419998
10/23/2015,109.75,82.019997,117.160004,80.400002,85.830002,111.260002,84.970001,36.599998,79.959999,105.330002
10/26/2015,109.800003,82.110001,117.370003,80.389999,85.739998,111.230003,84.970001,36.560001,79.870003,105.389999
10/27/2015,109.959999,82.129997,117.400002,80.43,85.459999,111.480003,85,36.459999,80,105.379997
10/28/2015,109.629997,81.900002,116.940002,80.309998,85.690002,110.919998,84.889999,36.540001,79.769997,105.309998
10/29/2015,109.160004,81.610001,116.120003,80.199997,85.470001,110.620003,84.830002,36.459999,79.589996,105.169998
10/30/2015,109.449997,81.790001,116.419998,80.239998,85.57,110.959999,84.830002,36.470001,79.68,105.260002
11/2/2015,109.019997,81.459999,115.589996,80.050003,85.440002,110.910004,84.739998,36.400002,79.589996,105.150002
11/3/2015,108.82,81.32,115.599998,80.040001,85.529999,110.720001,84.730003,36.419998,79.559998,105.040001
11/4/2015,108.82,81.370003,115.470001,79.900002,85.279999,110.57,84.639999,36.369999,79.449997,104.970001
11/5/2015,108.769997,81.220001,115.5,79.93,84.949997,110.220001,84.639999,36.279999,79.419998,105.059998
11/6/2015,108.25,80.900002,114.75,79.779999,84.540001,109.760002,84.559998,36.119999,79.279999,104.970001
11/9/2015,108.18,80.830002,114.559998,79.769997,84.190002,109.720001,84.540001,35.959999,79.209999,104.959999
11/10/2015,108.379997,80.919998,114.849998,79.870003,84,109.68,84.580002,35.849998,79.260002,104.910004
11/11/2015,108.239998,80.93,114.839996,79.849998,83.800003,109.669998,84.559998,35.77,79.309998,104.959999
11/12/2015,108.339996,80.940002,114.800003,79.82,83.239998,109.669998,84.589996,35.5,79.330002,104.919998
11/13/2015,108.550003,81.089996,115.139999,79.919998,83,109.82,84.660004,35.419998,79.459999,105.040001
11/16/2015,108.639999,81.089996,115.160004,79.959999,83.389999,109.760002,84.660004,35.549999,79.599998,104.989998
11/17/2015,108.720001,81.18,115.279999,79.959999,83.449997,109.959999,84.629997,35.5,79.550003,105.07
11/18/2015,108.639999,81.139999,115.309998,79.919998,83.610001,110.120003,84.599998,35.57,79.540001,105.050003
11/19/2015,108.690002,81.25,115.650002,79.919998,82.860001,110.510002,84.580002,35.360001,79.519997,104.970001
11/20/2015,108.620003,81.230003,115.629997,79.919998,82.839996,110.599998,84.580002,35.27,79.470001,104.949997
11/23/2015,108.650002,81.260002,115.669998,79.910004,82.769997,110.730003,84.57,35.240002,79.510002,104.949997
11/24/2015,108.75,81.290001,115.709999,79.970001,82.879997,110.849998,84.57,35.259998,79.589996,104.959999
11/25/2015,108.800003,81.300003,115.82,79.949997,82.970001,110.790001,84.580002,35.259998,79.599998,105.010002
11/27/2015,108.769997,81.339996,115.860001,79.949997,83.099998,110.849998,84.599998,35.369999,79.650002,105.010002
11/30/2015,108.809998,81.300003,115.910004,79.919998,83.050003,110.800003,84.57,35.360001,79.540001,105.050003
12/1/2015,108.82,81.440002,116.449997,79.949997,83.239998,111.209999,84.580002,35.330002,79.519997,104.919998
12/2/2015,108.690002,81.339996,116.169998,79.879997,83.07,110.830002,84.510002,35.220001,79.410004,104.870003
12/3/2015,107.889999,80.709999,114.629997,79.800003,82.849998,110.139999,84.510002,35.150002,79.25,104.839996
12/4/2015,108.239998,81.029999,115.25,79.800003,82.660004,110.419998,84.529999,35.080002,79.309998,104.839996
12/7/2015,108.400002,81.169998,115.449997,79.860001,82.080002,110.379997,84.519997,34.84,79.32,104.889999
12/8/2015,108.440002,81.190002,115.300003,79.82,81.059998,110.410004,84.510002,34.439999,79.220001,104.870003
12/9/2015,108.440002,81.160004,115.269997,79.830002,81.480003,110.199997,84.540001,34.52,79.339996,104.879997
12/10/2015,108.419998,81.150002,115,79.790001,81.139999,109.959999,84.489998,34.380001,79.260002,104.839996
12/11/2015,108.690002,81.370003,115.199997,79.959999,79.519997,110.32,84.589996,33.689999,79.230003,104.860001
12/14/2015,108.18,80.989998,114.349998,79.82,78.830002,109.529999,84.489998,33.419998,79.07,104.669998
12/15/2015,108.190002,80.900002,114.360001,79.699997,80.120003,109.470001,84.480003,33.810001,79,104.720001
12/16/2015,108,80.809998,114.339996,79.589996,80.730003,109.150002,84.410004,34.099998,78.940002,104.620003
12/17/2015,108.150002,80.980003,114.470001,79.610001,79.830002,109.529999,84.410004,33.720001,78.910004,104.559998
12/18/2015,108.379997,81.160004,114.470001,79.709999,79.529999,109.830002,84.519997,33.59,79.040001,104.690002
12/21/2015,108.279999,81.07,114.550003,79.739998,79.279999,109.629997,84.510002,33.560001,79.029999,104.690002
12/22/2015,108.199997,80.959999,114.400002,79.730003,80.239998,109.480003,84.489998,33.849998,79.059998,104.709999
12/23/2015,108.18,80.739998,114.5,79.540001,80.75,109.580002,84.459999,34.02,78.93,104.650002
12/24/2015,108.010002,80.800003,114.550003,79.599998,80.489998,109.769997,84.449997,34.060001,79.010002,104.550003
12/28/2015,108.010002,80.800003,114.410004,79.589996,80.010002,109.800003,84.400002,33.860001,78.919998,104.410004
12/29/2015,107.739998,80.550003,113.82,79.5,80.470001,109.379997,84.379997,33.900002,78.82,104.410004
12/30/2015,107.720001,80.599998,113.82,79.519997,80.529999,109.5,84.400002,33.91,78.870003,104.489998
12/31/2015,108.010002,80.760002,114.010002,79.57,80.580002,109.68,84.360001,33.91,78.989998,104.599998
1/4/2016,107.970001,80.720001,113.949997,79.599998,80.099998,110.110001,84.470001,33.740002,78.940002,104.599998
1/5/2016,108.019997,80.82,114.010002,79.589996,80.25,110.040001,84.419998,33.810001,78.919998,104.550003
1/6/2016,108.43,81.18,114.459999,79.68,80.25,110.389999,84.470001,33.779999,78.949997,104.629997
1/7/2016,108.419998,81.190002,114.550003,79.800003,79.730003,110.300003,84.5,33.599998,78.989998,104.669998
1/8/2016,108.660004,81.290001,114.639999,79.889999,79.519997,110.389999,84.559998,33.48,79,104.739998
1/11/2016,108.349998,80.949997,114.269997,79.879997,79.400002,109.809998,84.589996,33.43,79.07,104.709999
1/12/2016,108.589996,81.160004,114.529999,79.889999,79.480003,110.110001,84.599998,33.509998,79.07,104.669998
1/13/2016,108.839996,81.360001,114.879997,79.980003,78.599998,110.339996,84.650002,33.060001,79.089996,104.709999
1/14/2016,108.800003,81.260002,114.309998,79.949997,78.949997,110.239998,84.669998,33.139999,79.059998,104.709999
1/15/2016,108.93,81.400002,114.139999,80.040001,77.910004,110.239998,84.739998,32.73,79.080002,104.690002
1/19/2016,108.82,81.300003,113.629997,79.980003,77.639999,110.129997,84.730003,32.57,79.050003,104.699997
1/20/2016,108.910004,81.389999,113.800003,80.07,77.120003,110.190002,84.790001,32.290001,79.050003,104.610001
1/21/2016,108.760002,81.339996,113.470001,80.089996,77.639999,109.790001,84.779999,32.439999,79.059998,104.589996
1/22/2016,108.839996,81.309998,113.540001,79.959999,78.830002,109.949997,84.75,32.959999,79.040001,104.720001
1/25/2016,108.779999,81.309998,113.419998,79.949997,78.050003,110.160004,84.75,32.68,79,104.639999
1/26/2016,108.919998,81.43,113.739998,80.040001,78.75,110.440002,84.790001,32.959999,79.050003,104.660004
1/27/2016,108.940002,81.43,113.43,80.050003,78.629997,110.720001,84.809998,32.880001,79.010002,104.68
1/28/2016,109.029999,81.489998,113.559998,80.110001,79.029999,110.949997,84.809998,33.029999,79.040001,104.690002
1/29/2016,109.349998,81.730003,114.150002,80.199997,79.290001,111.400002,84.910004,33.209999,79.150002,104.790001
2/1/2016,108.989998,81.389999,113.449997,80.040001,78.43,111.199997,84.82,32.82,78.949997,104.629997
2/2/2016,109.32,81.669998,113.660004,80.220001,77.870003,111.540001,84.93,32.549999,79.050003,104.699997
2/3/2016,109.309998,81.730003,113.379997,80.269997,78.25,111.68,84.949997,32.669998,79.099998,104.730003
2/4/2016,109.419998,81.790001,113.43,80.32,78,111.699997,84.970001,32.59,79.07,104.769997
2/5/2016,109.32,81.709999,113.410004,80.279999,77.400002,111.389999,84.949997,32.299999,79.029999,104.760002
2/8/2016,109.739998,82.059998,114,80.400002,76.5,111.470001,85.050003,31.91,79.099998,104.809998
2/9/2016,109.730003,82.050003,113.610001,80.400002,76.209999,111.220001,85.019997,31.76,79.050003,104.720001
2/10/2016,110,82.220001,113.75,80.449997,76.099998,111.629997,85.019997,31.709999,79.019997,104.779999
2/11/2016,110.07,82.269997,114.129997,80.470001,75.589996,112.019997,85.099998,31.49,79.040001,104.82
2/12/2016,109.769997,82,113.489998,80.330002,76.720001,111.599998,85,32,78.839996,104.769997
2/16/2016,109.5,81.879997,112.949997,80.300003,76.790001,111.139999,84.949997,32.049999,78.769997,104.720001
2/17/2016,109.440002,81.860001,112.919998,80.260002,77.419998,110.949997,84.970001,32.290001,78.839996,104.639999
2/18/2016,109.769997,82.139999,113.839996,80.360001,77.489998,111.260002,85.040001,32.32,78.959999,104.809998
2/19/2016,109.790001,82.029999,113.760002,80.290001,77.639999,111.349998,84.959999,32.380001,78.940002,104.779999
2/22/2016,109.82,82.050003,113.989998,80.300003,78.309998,111.620003,84.970001,32.700001,78.900002,104.82
2/23/2016,109.839996,82.099998,114.220001,80.349998,78.150002,111.959999,84.980003,32.66,78.980003,104.839996
2/24/2016,109.879997,82.160004,114.330002,80.349998,78.279999,112.209999,85,32.709999,79.059998,104.870003
2/25/2016,110.160004,82.279999,114.970001,80.440002,78.699997,112.669998,85.019997,32.849998,79.25,104.959999
2/26/2016,109.959999,82.199997,114.93,80.309998,79.230003,112.379997,84.910004,33.07,79.239998,104.860001
2/29/2016,110.089996,82.25,115.010002,80.360001,80.080002,112.760002,84.959999,33.43,79.220001,104.889999
3/1/2016,109.540001,81.809998,114.050003,80.129997,80.919998,112.449997,84.800003,33.849998,78.959999,104.800003
3/2/2016,109.419998,81.760002,114.279999,80.110001,80.370003,112.690002,84.790001,33.610001,78.879997,104.839996
3/3/2016,109.550003,81.800003,114.82,80.160004,80.639999,112.919998,84.82,33.700001,78.879997,104.809998
3/4/2016,109.379997,81.760002,114.800003,80.099998,80.870003,112.57,84.760002,33.810001,78.970001,104.809998
3/7/2016,109.349998,81.739998,114.93,80.040001,80.970001,112.120003,84.699997,33.84,78.919998,104.760002
3/8/2016,109.620003,82.010002,115.540001,80.120003,80.400002,112.550003,84.760002,33.610001,79.029999,104.879997
3/9/2016,109.57,81.870003,115.410004,80.080002,80.599998,112.480003,84.730003,33.689999,79.07,104.830002
3/10/2016,109.620003,81.830002,115.889999,80,81.160004,112.089996,84.720001,33.93,79.080002,104.870003
3/11/2016,109.419998,81.720001,116.220001,79.980003,82.139999,112.050003,84.639999,34.330002,79.139999,104.870003
3/14/2016,109.480003,81.900002,116.559998,80.010002,81.910004,111.919998,84.639999,34.25,79.209999,104.879997
3/15/2016,109.379997,81.82,116.519997,80.050003,81.150002,111.699997,84.669998,34.029999,79.209999,104.860001
