Date,Natural Gas Futures - Apr 16 (NGJ6),Crude Oil Futures - Apr 16 (CLJ6),Heating Oil Futures - Apr 16 (HOJ6),Silver Futures - Mar 16 (SIH6),Platinum Futures - Apr 16 (PLJ6),Palladium Futures - Jun 16 (PAM6),Gold Futures - Apr 16 (GCJ6),Copper Futures - May 16 (HGK6)
2/7/2013,3.285,95.83,3.2384,19.517,1427.7,735.5,1648.2,3.691
2/8/2013,3.272,95.72,3.2315,20.184,1435.65,738.2,1648.7,3.644
2/11/2013,3.279,97.03,3.2362,20.517,1491.05,741.1,1644.2,3.606
2/12/2013,3.23,97.51,3.2188,20.803,1503.2,745.8,1634.7,3.55
2/13/2013,3.306,97.01,3.2237,21.332,1508.3,743.15,1608.8,3.53
2/14/2013,3.163,97.31,3.2104,21.336,1494.9,732.6,1603.6,3.541
2/15/2013,3.153,95.86,3.2073,21.781,1493.85,718.65,1577.6,3.567
2/19/2013,3.272,96.66,3.1806,22.929,1512.25,712.5,1578.2,3.545
2/20/2013,3.279,94.46,3.1563,23.317,1528.75,732.6,1572.4,3.527
2/21/2013,3.246,92.84,3.0957,23.27,1527.1,738.05,1586.2,3.482
2/22/2013,3.291,93.13,3.1042,23.158,1528.6,757.05,1615.2,3.483
2/25/2013,3.414,93.11,3.0989,22.993,1512,780.65,1595.2,3.497
2/26/2013,3.427,92.63,3.0317,22.958,1520.9,780.1,1577.7,3.474
2/27/2013,3.434,92.76,2.9879,23.03,1508.5,773.6,1571.9,3.502
2/28/2013,3.486,92.05,2.9719,23.733,1541.45,769.25,1572.1,3.491
3/1/2013,3.456,90.68,2.9301,24.013,1540.9,768.8,1574.6,3.5
3/4/2013,3.529,90.12,2.9191,24.008,1548.8,776,1574.6,3.538
3/5/2013,3.529,90.82,2.973,24.613,1551.85,764.3,1574.8,3.51
3/6/2013,3.47,90.43,2.9756,24.389,1535.5,733.4,1576.6,3.523
3/7/2013,3.582,91.56,2.9795,24.09,1538.95,756.4,1577.8,3.508
3/8/2013,3.629,91.95,2.9749,23.463,1515.1,755.05,1591.5,3.417
3/11/2013,3.649,92.06,2.9691,23.348,1523.45,759.75,1588.3,3.396
3/12/2013,3.645,92.54,2.9484,24.223,1517.05,755.55,1590.6,3.436
3/13/2013,3.68,92.52,2.9242,24.382,1525,765.1,1592.5,3.423
3/14/2013,3.812,93.03,2.9295,23.369,1536.3,767.5,1604.6,3.454
3/15/2013,3.872,93.45,2.939,23.206,1499.15,773,1611.3,3.435
3/18/2013,3.882,93.74,2.9267,23.842,1485.15,781.9,1607.5,3.433
3/19/2013,3.969,92.16,2.8641,23.93,1495.5,770.4,1613.8,3.435
3/20/2013,3.96,92.96,2.8921,23.668,1497.4,754.3,1606.2,3.395
3/21/2013,3.935,92.45,2.8963,22.966,1486.8,726.2,1604.6,3.368
3/22/2013,3.927,93.71,2.8843,23.121,1476.2,728.4,1595.8,3.372
3/25/2013,3.865,94.81,2.8772,22.099,1474.6,728.65,1606.2,3.325
3/26/2013,3.976,96.34,2.8813,21.67,1445.2,731.85,1594.8,3.345
3/27/2013,4.068,96.58,2.9154,22.29,1453.75,720.3,1600,3.34
3/28/2013,4.024,97.23,2.9152,21.963,1456.2,732.2,1575.1,3.368
4/1/2013,4.015,97.07,3.0687,21.735,1438,707.95,1552.8,3.438
4/2/2013,3.969,97.19,3.0874,21.514,1424,665.85,1551.8,3.414
4/3/2013,3.9,94.45,3.002,23.242,1469.75,677.05,1575.4,3.428
4/4/2013,3.947,93.26,2.9636,21.876,1461.7,663.9,1572,3.349
4/5/2013,4.125,92.7,2.9098,21.958,1431.15,667.6,1586.2,3.28
4/8/2013,4.082,93.36,2.9537,21.805,1432.8,677.3,1558.3,3.307
4/9/2013,4.017,94.2,2.9613,21.539,1427.25,680.2,1564.3,3.188
4/10/2013,4.085,94.64,2.9479,21.838,1428.2,674.2,1501,3.204
4/11/2013,4.139,93.51,2.8991,21.75,1429.95,670.3,1360.6,3.151
4/12/2013,4.222,91.29,2.8718,21.783,1415.05,684,1386.8,3.132
4/15/2013,4.137,88.71,2.8292,21.835,1422.75,681,1382.2,3.094
4/16/2013,4.16,88.72,2.8065,21.656,1420.7,698.1,1392,3.158
4/17/2013,4.214,86.68,2.7346,21.124,1405.05,698.3,1395.3,3.238
4/18/2013,4.401,87.73,2.7791,21.846,1386.25,686.5,1421,3.185
4/19/2013,4.408,88.01,2.7876,21.739,1392.9,695.2,1408.6,3.225
4/22/2013,4.267,88.76,2.8094,21.705,1377.65,693.6,1423.4,3.188
4/23/2013,4.238,89.18,2.8117,21.813,1390.05,695.6,1461.8,3.083
4/24/2013,4.166,91.43,2.8413,22.339,1392.3,682.2,1453.6,3.104
4/25/2013,4.167,93.64,2.9017,22.397,1399.7,694.5,1467.4,3.313
4/26/2013,4.151,93,2.9012,21.846,1402.9,707.6,1472.2,3.31
4/29/2013,4.392,94.5,2.9007,21.85,1387.8,708,1446.3,3.3
4/30/2013,4.343,93.46,2.8734,21.215,1386,718.5,1467.7,3.371
5/1/2013,4.326,91.03,2.7889,21.33,1373.1,730.3,1464.3,3.341
5/2/2013,4.025,93.99,2.8555,21.31,1371.25,728.9,1468.1,3.356
5/3/2013,4.041,95.61,2.8844,21.146,1379.5,738.5,1449,3.362
5/6/2013,4.011,96.16,2.9202,21.337,1380.1,738.1,1473.9,3.291
5/7/2013,3.92,95.62,2.9277,21.903,1402.05,745.6,1468.8,3.267
5/8/2013,3.978,96.62,2.9147,21.928,1431.55,744.9,1436.8,3.292
5/9/2013,3.983,96.39,2.9366,21.938,1439,745.1,1434.5,3.321
5/10/2013,3.91,96.04,2.9062,22.233,1438.75,736.5,1424.7,3.357
5/13/2013,3.925,95.17,2.891,22.754,1435.9,726.3,1396.5,3.339
5/14/2013,4.024,94.21,2.873,22.582,1450.7,739.2,1387.1,3.377
5/15/2013,4.07,94.3,2.8801,22.786,1436.85,755.3,1364.9,3.3
5/16/2013,3.932,95.16,2.9087,22.603,1449.7,750.3,1384.3,3.292
5/17/2013,4.055,96.02,2.937,22.545,1454.1,758,1377.8,3.304
5/20/2013,4.09,96.71,2.9508,22.498,1452.7,751.05,1367.6,3.306
5/21/2013,4.192,96.16,2.929,22.452,1468.7,756.8,1392,3.312
5/22/2013,4.186,94.28,2.8736,22.946,1459.45,748.85,1385.25,3.291
5/23/2013,4.261,94.25,2.86,21.832,1465,754.3,1395.95,3.311
5/24/2013,4.237,94.15,2.8569,21.804,1452,760.75,1379.1,3.289
5/27/2013,4.312,93.83,2.8673,21.848,1455.2,759.45,1392.15,3.327
5/28/2013,4.174,95.01,2.9066,21.678,1454.5,767.65,1411.5,3.365
5/29/2013,4.148,93.13,2.8695,21.614,1455.3,750.75,1392.6,3.367
5/30/2013,4.023,93.61,2.8431,21.746,1452.55,755.25,1411.7,3.316
5/31/2013,3.984,91.97,2.7923,21.639,1465,729.35,1397.1,3.266
6/3/2013,3.991,93.45,2.8334,21.307,1456.8,729.8,1398.4,3.239
6/4/2013,3.998,93.31,2.8649,21.4,1445.4,716.3,1415.7,3.193
6/5/2013,4.001,93.74,2.8554,21.33,1442.2,706.8,1383,3.225
6/6/2013,3.827,94.76,2.8714,20.768,1433.9,694.85,1386.2,3.185
6/7/2013,3.828,96.03,2.8931,20.432,1432.15,663.55,1377,3.204
6/10/2013,3.8,95.77,2.8838,20.712,1439.6,673.25,1391.8,3.202
6/11/2013,3.724,95.38,2.8575,20.788,1448.7,656.1,1377.6,3.157
6/12/2013,3.777,95.88,2.8952,20.76,1441.1,667.15,1387.3,3.143
6/13/2013,3.814,96.69,2.9395,20.349,1441.05,631.7,1382.8,3.062
6/14/2013,3.733,97.85,2.9622,20.326,1412.8,649.15,1366.6,3.096
6/17/2013,3.875,97.77,2.9503,20.05,1418.1,659.2,1373.6,3.026
6/18/2013,3.905,98.44,2.9617,19.987,1394.7,684.9,1285.9,3.071
6/19/2013,3.963,98.24,2.9725,19.84,1390.95,684.7,1291.6,3.041
6/20/2013,3.877,95.4,2.8722,19.743,1384.6,685.7,1276.8,3.053
6/21/2013,3.771,93.69,2.8441,20.265,1381.95,677.7,1274.8,3.05
6/24/2013,3.739,95.18,2.8547,19.846,1390.95,682.7,1229.6,3.155
6/25/2013,3.647,95.32,2.8584,19.633,1376.95,692.4,1211.4,3.142
6/26/2013,3.707,95.5,2.8543,19.75,1354.7,700,1223.8,3.174
6/27/2013,3.582,97.05,2.8894,19.981,1358.4,725.5,1255.9,3.147
6/28/2013,3.565,96.56,2.8798,19.935,1362.8,723.7,1243.6,3.08
7/1/2013,3.577,97.99,2.8736,19.233,1365.6,722.2,1252.1,3.111
7/2/2013,3.654,99.6,2.9014,19.011,1347,731.9,1247.05,3.076
7/3/2013,3.69,101.24,2.9512,19.774,1358.8,734.2,1212.9,3.101
7/4/2013,3.667,101.4,2.9545,19.514,1364.5,735.5,1234.9,3.183
7/5/2013,3.617,103.22,2.9897,19.465,1361.1,744.7,1245.9,3.171
7/8/2013,3.741,103.14,2.9801,19.543,1356.15,747.5,1247.4,3.161
7/9/2013,3.657,103.53,2.9857,19.644,1355.75,746.6,1280.1,3.2
7/10/2013,3.68,106.52,3.0017,20.256,1369.5,742.2,1277.8,3.14
7/11/2013,3.613,104.91,2.995,20.298,1387.85,748.7,1283.8,3.143
7/12/2013,3.644,105.95,3.0294,19.402,1383.6,739.9,1290.8,3.15
7/15/2013,3.674,106.32,3.0261,19.559,1364.15,726,1277.9,3.189
7/16/2013,3.677,106,3.0469,19.615,1362.5,743.75,1284.6,3.198
7/17/2013,3.629,106.48,3.0712,20.049,1361.55,730.7,1293.3,3.182
7/18/2013,3.812,108.04,3.1007,19.792,1361.4,729,1336.4,3.188
7/19/2013,3.789,108.05,3.0894,20.014,1351.6,730.7,1335.1,3.109
7/22/2013,3.677,106.91,3.0664,19.143,1332.35,729.9,1319.7,3.116
7/23/2013,3.743,107.23,3.0693,19.418,1316.65,731.7,1329,3.041
7/24/2013,3.698,105.39,3.047,19.42,1331.75,724.2,1321.7,3.119
7/25/2013,3.644,105.49,3.035,19.378,1333.95,723,1326.55,3.164
7/26/2013,3.555,104.7,3.0101,19.453,1325.55,739.1,1324,3.17
7/29/2013,3.459,104.55,3.0162,19.885,1331.95,741,1312.4,3.167
7/30/2013,3.432,103.08,3.0067,20.013,1355.85,736.9,1311,3.172
7/31/2013,3.446,105.03,3.0431,20.13,1375.2,736.7,1310.6,3.178
8/1/2013,3.387,107.89,3.0966,19.581,1377.25,744.8,1302.6,3.271
8/2/2013,3.347,106.94,3.0714,19.339,1362.85,761.7,1283.2,3.308
8/5/2013,3.319,106.56,3.0522,19.535,1371,762.7,1286.1,3.307
8/6/2013,3.318,105.3,3.0083,20.098,1377.05,752.8,1310.7,3.318
8/7/2013,3.247,104.37,2.9642,20.182,1402.3,747.2,1312.9,3.341
8/8/2013,3.297,103.4,2.9574,20.118,1412.45,741.4,1334.7,3.338
8/9/2013,3.23,105.97,2.9935,20.077,1407.3,754.5,1321.2,3.365
8/12/2013,3.31,106.11,3.0209,19.765,1415.6,751.2,1334,3.337
8/13/2013,3.285,106.83,3.0471,19.518,1413.65,749.9,1361.6,3.34
8/14/2013,3.342,106.85,3.0478,19.663,1416.65,748.3,1371.7,3.312
8/15/2013,3.419,107.33,3.0728,20.201,1418.9,746.6,1366.2,3.333
8/16/2013,3.368,107.46,3.0831,20.22,1437.35,737.75,1373.1,3.352
8/19/2013,3.463,107.1,3.071,20.361,1438.55,722.1,1370.6,3.322
8/20/2013,3.444,104.97,3.0784,20.251,1446.55,718.6,1371.2,3.333
8/21/2013,3.46,103.85,3.0768,20.103,1429.65,716.2,1395.7,3.307
8/22/2013,3.545,105.03,3.0699,20.025,1430.2,696.6,1393,3.244
8/23/2013,3.485,106.42,3.095,20.267,1432.2,685.8,1420.6,3.225
8/26/2013,3.513,105.92,3.079,20.333,1454.85,695.45,1419,3.252
8/27/2013,3.534,109.01,3.1609,20.32,1458.8,681.4,1412.9,3.308
8/28/2013,3.566,110.1,3.2083,19.838,1465.8,695.7,1396.1,3.296
8/29/2013,3.618,108.8,3.1849,19.775,1455.55,689.6,1393.7,3.236
8/30/2013,3.581,107.65,3.1396,19.986,1459.9,691.2,1412,3.241
9/2/2013,3.667,106.75,3.1397,19.743,1460.65,697.5,1389.9,3.258
9/3/2013,3.666,108.54,3.1483,20.02,1430.15,704.3,1373.1,3.276
9/4/2013,3.683,107.23,3.1371,19.771,1439.65,704.4,1386.7,3.261
9/5/2013,3.575,108.37,3.1397,19.483,1418.3,701.45,1386.8,3.256
9/6/2013,3.53,110.53,3.1637,19.69,1411.3,734.7,1364.1,3.212
9/9/2013,3.605,109.52,3.1183,19.111,1416.1,716.8,1363.9,3.207
9/10/2013,3.584,107.39,3.0668,19.105,1385.3,716.3,1330.4,3.227
9/11/2013,3.567,107.56,3.0718,19.098,1377.9,718.35,1308.4,3.228
9/12/2013,3.638,108.6,3.1164,19.389,1376.5,724.2,1317.9,3.284
9/13/2013,3.677,108.21,3.1137,19.516,1387.1,723.3,1309.5,3.35
9/16/2013,3.738,106.59,3.0637,19.785,1375.65,730.2,1307.8,3.328
9/17/2013,3.745,105.42,2.9983,20.026,1383.45,723.3,1369.4,3.308
9/18/2013,3.713,108.07,3.0405,20.036,1376.75,718.2,1332.5,3.265
9/19/2013,3.72,106.39,3.004,20.025,1384.3,719.6,1326.9,3.28
9/20/2013,3.687,104.68,3.0042,20.215,1384.15,703,1316,3.304
9/23/2013,3.602,103.59,2.9562,20.143,1386,700.1,1335.9,3.325
9/24/2013,3.492,103.13,2.961,20.331,1387.35,703.4,1323.6,3.321
9/25/2013,3.493,102.66,2.9731,20.489,1404.95,713.2,1338.4,3.272
9/26/2013,3.498,103.03,3.0037,21.411,1414.45,703.2,1326.5,3.312
9/27/2013,3.589,102.87,2.9901,21.678,1427.9,708,1286,3.262
9/30/2013,3.56,102.33,2.971,21.83,1431.3,712.9,1320.6,3.293
10/1/2013,3.609,102.04,2.9553,21.891,1431.2,714.6,1317.4,3.289
10/2/2013,3.542,104.1,2.9927,21.844,1422.5,705.4,1309.7,3.282
10/3/2013,3.499,103.31,3.0033,21.767,1415.2,717,1324.8,3.221
10/4/2013,3.506,103.84,2.999,21.862,1416.8,737.9,1324.2,3.241
10/7/2013,3.629,103.03,3.0093,21.89,1428.8,741.3,1306.9,3.265
10/8/2013,3.716,103.49,3.0325,22.139,1427.35,751.9,1296.6,3.3
10/9/2013,3.679,101.61,3.0174,22.053,1435.05,753.8,1268,3.304
10/10/2013,3.723,103.01,3.07,21.341,1439.55,744.5,1276.4,3.3
10/11/2013,3.776,102.02,3.0349,21.314,1429.5,747.1,1273,3.289
10/14/2013,3.82,102.41,3.0317,21.204,1451.85,742.9,1282,3.293
10/15/2013,3.79,101.21,3.017,21.413,1445.9,745.2,1322.7,3.296
10/16/2013,3.769,102.29,3.0393,21.448,1452.45,745.2,1314.4,3.329
10/17/2013,3.757,100.67,2.99,21.188,1458.55,744,1315.7,3.267
10/18/2013,3.764,100.81,3.0354,21.239,1458.55,737.6,1342.5,3.261
10/21/2013,3.668,99.22,3.0106,21.542,1474.8,740.5,1333.9,3.265
10/22/2013,3.581,97.8,2.9973,20.897,1484.3,748.95,1350.2,3.261
10/23/2013,3.619,96.86,2.9233,20.855,1483.55,749.75,1352.4,3.276
10/24/2013,3.629,97.11,2.9003,20.879,1478.65,763.7,1352,3.321
10/25/2013,3.707,97.85,2.9097,20.784,1478.75,761.5,1345.2,3.295
10/28/2013,3.569,98.68,2.9644,21.328,1467.7,759,1349,3.293
10/29/2013,3.497,98.2,2.9641,21.169,1476.1,753.6,1323.6,3.248
10/30/2013,3.62,96.77,2.9786,21.384,1479.15,739.1,1313.1,3.252
10/31/2013,3.581,96.38,2.9678,21.545,1470.6,735.1,1314.6,3.235
11/1/2013,3.513,94.61,2.8822,21.249,1473.4,739.1,1308,3.249
11/4/2013,3.445,94.62,2.8741,20.836,1469.15,732.3,1317.7,3.253
11/5/2013,3.466,93.37,2.8641,20.8,1459.4,714.1,1308.4,3.262
11/6/2013,3.498,94.8,2.8696,20.404,1449.8,720.4,1284.5,3.236
11/7/2013,3.519,94.2,2.8392,20.286,1436.6,712.3,1281,3.164
11/8/2013,3.559,94.6,2.8719,20.248,1436.3,712.3,1271.1,3.161
11/11/2013,3.574,95.14,2.8913,20.043,1441.3,714.1,1268.3,3.173
11/12/2013,3.617,93.04,2.8532,19.955,1434.8,722.5,1286.2,3.154
11/13/2013,3.566,93.88,2.8977,19.759,1423.35,719.5,1287.3,3.162
11/14/2013,3.605,93.76,2.9306,19.77,1415.2,714.35,1272.2,3.162
11/15/2013,3.66,93.84,2.9389,19.772,1403.8,721.1,1273.4,3.197
11/18/2013,3.617,93.03,2.9222,19.835,1411.15,718,1257.9,3.227
11/19/2013,3.556,93.34,2.9058,19.817,1414.55,712.4,1243.5,3.239
11/20/2013,3.674,93.33,2.9545,19.754,1417.45,714.05,1244,3.229
11/21/2013,3.702,95.44,3.0067,20.116,1425.55,728.6,1241.1,3.2
11/22/2013,3.768,94.84,3.0413,19.872,1437.85,736.75,1241.4,3.2
11/25/2013,3.789,94.09,3.0321,19.927,1440,735.45,1237.8,3.231
11/26/2013,3.818,93.68,3.0444,19.938,1449.05,734.5,1243.8,3.217
11/27/2013,3.895,92.3,3.0469,19.891,1449.9,738,1250.6,3.201
11/28/2013,3.928,92.28,3.0375,20.042,1429.25,736.3,1222.3,3.272
11/29/2013,3.954,92.72,3.0478,19.755,1441.75,719.8,1221.7,3.261
12/2/2013,3.988,93.82,3.0501,20.078,1443.9,715.75,1248.2,3.269
12/3/2013,3.976,96.04,3.0651,19.933,1454.8,715.9,1233.2,3.296
12/4/2013,3.96,97.2,3.0591,20.098,1458.95,699.65,1230.3,3.301
12/5/2013,4.132,97.38,3.0496,19.999,1467.05,698.4,1235.3,3.332
12/6/2013,4.114,97.65,3.0565,19.478,1466.85,697.1,1262.4,3.332
12/9/2013,4.232,97.34,3.0143,19.623,1442.3,699,1258.5,3.352
12/10/2013,4.237,98.51,3.0173,19.659,1440.5,696,1226,3.376
12/11/2013,4.337,97.44,3.0212,19.548,1415.15,696.8,1235.7,3.367
12/12/2013,4.409,97.5,2.9801,19.412,1413.65,699.85,1245.5,3.361
12/13/2013,4.351,96.6,2.9757,19.351,1405.05,711.05,1231.2,3.341
12/16/2013,4.279,97.48,2.9902,19.497,1403.8,711,1236.1,3.348
12/17/2013,4.287,97.22,2.9629,19.682,1406.45,716,1195,3.35
12/18/2013,4.251,97.8,3.0101,19.685,1413.1,718.1,1205.1,3.417
12/19/2013,4.46,98.77,3.0306,19.74,1424.15,730.9,1198.4,3.45
12/20/2013,4.418,99.32,3.0781,19.649,1430.35,728,1205.1,3.47
12/23/2013,4.463,98.91,3.0601,19.488,1419.35,739.4,1214.1,3.421
12/24/2013,4.416,99.22,3.0783,19.119,1429.5,741.2,1216.1,3.442
12/26/2013,4.433,99.55,3.0948,18.989,1426.95,737.7,1203.1,3.398
12/27/2013,4.407,100.32,3.1241,19.492,1425.25,737.4,1201.9,3.432
12/30/2013,4.427,99.29,3.0772,19.5,1439.55,744.3,1205.4,3.406
12/31/2013,4.23,98.42,3.0772,19.52,1441.7,741.8,1225,3.412
1/1/2014,4.232,98.7,3.0682,19.598,1451.9,738,1238.4,3.411
1/2/2014,4.321,95.44,2.9867,19.298,1454.05,742.6,1237.8,3.393
1/3/2014,4.304,93.96,2.9394,19.094,1439.05,743.1,1229.4,3.354
1/6/2014,4.306,93.43,2.9388,19.077,1438.4,748.3,1225.3,3.387
1/7/2014,4.299,93.67,2.9593,19.098,1431.15,748.4,1229.3,3.4
1/8/2014,4.216,92.33,2.9494,19.5,1426.2,749.1,1246.7,3.388
1/9/2014,4.005,91.66,2.9214,19.504,1438.1,747.5,1250.9,3.406
1/10/2014,4.053,92.72,2.9407,19.735,1453.4,745,1245.2,3.391
1/13/2014,4.274,91.8,2.9333,19.447,1480.8,734.8,1238.1,3.378
1/14/2014,4.369,92.59,2.9363,19.292,1471.85,722.1,1240,3.346
1/15/2014,4.325,94.17,2.9796,19.345,1466.4,715.8,1251.7,3.339
1/16/2014,4.382,93.96,2.9845,19.322,1468.95,715.1,1255.1,3.392
1/17/2014,4.326,94.37,3.0237,19.367,1473.25,706.8,1242.3,3.375
1/20/2014,4.293,93.93,3.04,19.307,1470.75,703.6,1239,3.322
1/21/2014,4.431,94.99,3.0147,19.49,1474.7,702.3,1262.6,3.304
1/22/2014,4.689,96.73,3.0379,19.388,1489.25,701.8,1264.5,3.294
1/23/2014,4.73,97.32,3.0765,19.43,1475.1,707.3,1263.6,3.285
1/24/2014,5.182,96.64,3.1374,19.428,1479.6,709.6,1251,3.268
1/27/2014,4.847,95.72,3.0924,19.039,1479.7,709.6,1266.7,3.238
1/28/2014,5.033,97.41,3.1218,19.094,1465.85,715.5,1242.2,3.22
1/29/2014,5.557,97.36,3.1816,18.983,1458.95,717.8,1240.1,3.2
1/30/2014,5.011,98.23,3.217,18.653,1462.45,727.2,1260.4,3.217
1/31/2014,4.943,97.49,3.2794,18.748,1453.55,730.7,1251.7,3.215
2/3/2014,4.905,96.43,3.0075,18.709,1452.2,736.2,1257.3,3.259
2/4/2014,5.375,97.19,2.9829,18.732,1436.45,740.3,1257.6,3.271
2/5/2014,5.03,97.38,2.9968,18.83,1431.35,738.2,1263.3,3.272
2/6/2014,4.931,97.84,2.9951,19.055,1439.5,732.4,1274.8,3.27
2/7/2014,4.775,99.88,3.0503,18.963,1443.05,736.3,1290.1,3.316
2/10/2014,4.579,100.06,2.9981,19.028,1454.25,739.6,1295.3,3.307
2/11/2014,4.824,99.94,3.0281,19.045,1453.75,742.8,1300.4,3.321
2/12/2014,4.822,100.37,3.0125,19.21,1453,738.6,1319,3.296
2/13/2014,5.223,100.35,3.0307,19.213,1475.75,731.9,1328.5,3.281
2/14/2014,5.214,100.3,3.0782,19.573,1478.95,742.25,1324.7,3.341
2/17/2014,5.528,100.58,3.0884,19.637,1454.05,743.85,1320.6,3.336
2/18/2014,5.551,102.43,3.1017,19.748,1435.25,749.8,1317.1,3.324
2/19/2014,6.149,103.31,3.1468,19.702,1444.15,763.7,1323.9,3.336
2/20/2014,6.064,102.92,3.1777,19.776,1438.85,772.65,1338.3,3.359
2/21/2014,6.135,102.2,3.0992,19.767,1440,780.95,1343,3.338
2/24/2014,5.445,102.82,3.0872,20.637,1454.5,781.6,1328.2,3.269
2/25/2014,5.096,101.83,3.1043,20.942,1469.05,776.65,1331.6,3.236
2/26/2014,4.855,102.59,3.1281,20.875,1458.4,770.3,1321.4,3.239
2/27/2014,4.511,102.4,3.0865,20.964,1457.15,776.7,1350.1,3.22
2/28/2014,4.609,102.59,3.0893,21.097,1454.1,778.3,1337.8,3.261
3/3/2014,4.492,104.92,3.0805,21.171,1471.55,773.05,1340.2,3.253
3/4/2014,4.667,103.33,3.0407,21.162,1469.8,773.7,1351.7,3.276
3/5/2014,4.523,101.45,2.9922,21.077,1470.85,771.75,1338.1,3.156
3/6/2014,4.662,101.56,2.983,21,1480.4,766.1,1341.4,3.111
3/7/2014,4.618,102.58,3.0121,21.007,1478.35,772,1346.5,3.031
3/10/2014,4.651,101.12,2.9674,21.067,1486.9,788.75,1370.3,3.026
3/11/2014,4.605,100.03,2.961,21.254,1505.15,795.35,1372.2,2.99
3/12/2014,4.49,97.99,2.9255,21.089,1507.7,789.4,1379,3.013
3/13/2014,4.383,98.2,2.9196,21.195,1500.05,781.15,1372.9,3.002
3/14/2014,4.425,98.89,2.9431,21.138,1503.3,761,1359,2.994
3/17/2014,4.536,98.08,2.8908,20.966,1504.6,773.7,1341.4,3.028
3/18/2014,4.456,99.7,2.9155,20.967,1498.2,777.1,1330.5,2.976
3/19/2014,4.484,100.37,2.901,21.022,1502.3,782.35,1336,2.994
3/20/2014,4.369,99.43,2.9213,21.459,1510,787.8,1311.2,2.99
3/21/2014,4.313,99.46,2.9201,21.411,1516.2,788.85,1311.4,3.046
3/24/2014,4.276,99.6,2.9116,21.508,1515.65,790.75,1303.4,3.01
3/25/2014,4.411,99.19,2.9215,20.864,1515.75,767.9,1293.8,3.037
3/26/2014,4.402,100.26,2.9194,20.842,1499.55,775.85,1293.8,3.059
3/27/2014,4.584,101.28,2.9477,20.727,1488.05,782.55,1283.4,3.046
3/28/2014,4.485,101.67,2.9579,21.086,1487.95,792.3,1279.6,3.055
3/31/2014,4.371,101.58,2.932,20.838,1505.45,806.8,1290.5,3.065
4/1/2014,4.276,99.74,2.8878,20.928,1492.7,811.5,1284.4,3.047
4/2/2014,4.364,99.62,2.8666,20.966,1493.6,795.9,1303.2,3.043
4/3/2014,4.47,100.29,2.9062,20.965,1490.8,802.3,1298,3.063
4/4/2014,4.439,101.14,2.9079,20.952,1489.4,807.1,1308.7,3.076
4/7/2014,4.476,100.44,2.8907,20.376,1484.6,777.8,1305.5,3.066
4/8/2014,4.534,102.56,2.9344,20.588,1473.1,783.65,1320.1,3.068
4/9/2014,4.586,103.6,2.954,20.752,1481.2,786,1318.7,3.066
4/10/2014,4.655,103.4,2.939,20.526,1480.5,802.3,1327.2,3.067
4/11/2014,4.62,103.74,2.9332,20.546,1491.25,811.2,1300,3.017
4/14/2014,4.56,104.05,2.9791,20.558,1484.65,800.7,1303.1,3.05
4/15/2014,4.567,103.75,2.987,20.373,1481.9,807.9,1293.4,3.07
4/16/2014,4.53,103.76,3.0106,20.332,1464.9,812.5,1288,3.068
4/17/2014,4.741,104.3,3.0082,20.362,1465.75,814.15,1280.6,3.079
4/21/2014,4.697,104.37,3.0117,20.194,1465.75,812.4,1284.2,3.082
4/22/2014,4.739,102.13,3.0026,19.833,1466.65,816.5,1290.5,3.136
4/23/2014,4.73,101.44,2.9809,19.985,1459.85,818.4,1300.7,3.127
4/24/2014,4.705,101.94,3.0145,19.99,1467.3,796.7,1298.9,3.108
4/25/2014,4.647,100.6,2.9866,19.902,1478.3,804.05,1296,3.072
4/28/2014,4.795,100.84,2.9519,19.888,1477.45,799.75,1295.6,3.03
4/29/2014,4.831,101.28,2.9701,20.095,1476.25,808.75,1283.1,3.029
4/30/2014,4.815,99.74,2.9349,19.905,1472.85,817.3,1302.6,3.082
5/1/2014,4.719,99.42,2.914,19.845,1470.75,828.6,1309,3.071
5/2/2014,4.674,99.76,2.9223,19.871,1470.35,812.1,1308.3,3.075
5/5/2014,4.688,99.48,2.9064,19.49,1468.55,815,1288.6,3.05
5/6/2014,4.799,99.5,2.8877,19.52,1457.75,816.35,1287.4,3.083
5/7/2014,4.74,100.77,2.9275,19.6,1457.6,826.35,1287.6,3.1
5/8/2014,4.572,100.26,2.9202,19.387,1447.7,831.1,1295.6,3.167
5/9/2014,4.531,99.99,2.9068,19.472,1440.25,837.1,1294.6,3.15
5/12/2014,4.434,100.59,2.9185,19.39,1428.9,832.2,1305.7,3.174
5/13/2014,4.358,101.7,2.944,19.459,1422.65,833.7,1293.5,3.162
5/14/2014,4.367,102.37,2.9626,19.338,1421.85,831.55,1293.4,3.161
5/15/2014,4.469,101.5,2.9506,19.37,1418.1,840.75,1294,3.179
5/16/2014,4.413,102.02,2.9536,19.395,1417.9,833.8,1294.5,3.156
5/19/2014,4.47,102.61,2.9409,19.534,1420.45,835.65,1288,3.131
5/20/2014,4.552,102.44,2.9492,19.398,1425.05,832.05,1294.9,3.152
5/21/2014,4.473,104.07,2.9533,19.48,1424.5,836.2,1291.6,3.18
5/22/2014,4.359,103.74,2.9507,19.502,1424.6,836.65,1291.7,3.168
5/23/2014,4.405,104.35,2.9549,19.071,1423.95,838.85,1292.5,3.19
5/26/2014,4.394,104.28,2.9524,19.108,1412.75,843.95,1265.4,3.193
5/27/2014,4.505,104.11,2.9399,19.064,1412.9,841.95,1259.7,3.188
5/28/2014,4.619,102.72,2.9306,19.082,1403.7,854.9,1256.3,3.154
5/29/2014,4.559,103.58,2.919,19.203,1410.75,860.7,1245.6,3.136
5/30/2014,4.542,102.71,2.8846,18.887,1410.85,820.15,1243.7,3.179
6/2/2014,4.612,102.47,2.8773,18.844,1399.65,813.35,1244.3,3.146
6/3/2014,4.629,102.66,2.8658,18.856,1390.35,810.1,1244,3.094
6/4/2014,4.64,102.64,2.8481,18.533,1382.3,817.45,1253,3.091
6/5/2014,4.701,102.48,2.8797,18.546,1371.75,823.65,1252.1,3.053
6/6/2014,4.71,102.66,2.8712,18.58,1371.85,839.35,1253.5,3.046
6/9/2014,4.645,104.41,2.8912,18.556,1367.2,822.95,1259.8,3.055
6/10/2014,4.53,104.35,2.8841,18.656,1364.15,823.6,1260.8,3.042
6/11/2014,4.508,104.4,2.9043,18.663,1366.45,831.8,1273.6,3.017
6/12/2014,4.762,106.53,2.9893,18.452,1349.7,834.25,1273.7,3.03
6/13/2014,4.739,106.91,2.9876,17.781,1348.2,835.8,1274.9,3.047
6/16/2014,4.707,106.9,2.9979,17.773,1336.05,843.25,1271.7,3.058
6/17/2014,4.709,106.36,3.018,17.699,1333.5,843.55,1272.4,3.055
6/18/2014,4.659,105.97,3.0401,17.713,1328.65,854.6,1313.7,3.075
6/19/2014,4.584,106.43,3.0524,17.643,1333.55,857.4,1316.2,3.118
6/20/2014,4.531,107.26,3.0512,17.379,1316.4,861.9,1318,3.146
6/23/2014,4.446,106.17,3.0326,17.537,1315.05,865.6,1320.9,3.147
6/24/2014,4.535,106.03,3.0416,17.545,1300.9,868.95,1322.2,3.16
6/25/2014,4.553,106.5,3.0298,17.516,1301.25,872.9,1316.1,3.161
6/26/2014,4.4,105.84,3.0138,17.006,1304.5,872.7,1319,3.149
6/27/2014,4.409,105.74,2.9976,17.21,1293.3,873.05,1321.8,3.188
6/30/2014,4.461,105.37,2.9708,17.001,1282.95,875.3,1326.4,3.191
7/1/2014,4.455,105.34,2.9782,16.78,1264.4,872,1330.7,3.252
7/2/2014,4.357,104.48,2.9461,16.755,1225.7,868.55,1320.4,3.265
7/3/2014,4.406,104.06,2.9284,17.18,1203.9,876.75,1321.3,3.27
7/4/2014,4.369,103.76,2.9172,17.191,1246.45,885.1,1316.5,3.248
7/7/2014,4.225,103.53,2.9145,17.015,1266.5,881.5,1316,3.243
7/8/2014,4.204,103.4,2.8736,17.367,1276.55,877.15,1323.8,3.236
7/9/2014,4.17,102.29,2.8711,17.252,1265.7,874.85,1338.7,3.256
7/10/2014,4.12,102.93,2.8933,17.505,1263.1,874.3,1337,3.259
7/11/2014,4.146,100.83,2.8609,17.294,1269.9,870.95,1306.3,3.239
7/14/2014,4.147,100.91,2.8729,17.353,1268.55,878.8,1296.9,3.239
7/15/2014,4.097,99.96,2.8555,17.415,1265.7,880.75,1299.6,3.205
7/16/2014,4.119,101.2,2.8578,17.388,1261.85,878.3,1316.7,3.209
7/17/2014,3.954,103.19,2.8592,17.331,1255.85,880.15,1309.2,3.174
7/18/2014,3.951,103.13,2.8452,17.267,1262.35,873.7,1313.7,3.187
7/21/2014,3.849,104.59,2.8588,17.304,1259.7,864.55,1308,3.196
7/22/2014,3.772,104.42,2.8542,17.504,1267.25,855.1,1306.5,3.195
7/23/2014,3.762,103.12,2.8754,17.186,1282.1,849.25,1290.6,3.254
7/24/2014,3.847,102.07,2.8709,17.114,1266.1,849.4,1303.1,3.227
7/25/2014,3.781,102.09,2.9157,17.182,1260.8,856.05,1303.3,3.231
7/28/2014,3.747,101.67,2.8879,17.15,1250.9,860.5,1298.3,3.209
7/29/2014,3.808,100.97,2.9067,17.161,1250.95,874.7,1294.9,3.232
7/30/2014,3.786,100.27,2.8906,17.226,1258.35,878,1281.3,3.223
7/31/2014,3.841,98.17,2.8866,17.264,1267.25,881.6,1293.6,3.207
8/1/2014,3.798,97.88,2.8661,16.391,1258.25,886.15,1287.7,3.236
8/4/2014,3.834,98.29,2.8712,16.077,1246.9,894.5,1284,3.199
8/5/2014,3.897,97.38,2.8469,15.953,1237.05,895.65,1306.7,3.163
8/6/2014,3.933,96.92,2.8761,16.175,1234.1,881.6,1310.8,3.171
8/7/2014,3.876,97.34,2.8957,15.927,1230.75,869.35,1308.9,3.166
8/8/2014,3.962,97.65,2.8769,15.418,1225.5,880.8,1308.5,3.167
8/11/2014,3.965,98.08,2.8792,15.413,1208.6,888.7,1308.8,3.149
8/12/2014,3.974,97.37,2.845,15.699,1196.55,891.5,1312.8,3.106
8/13/2014,3.831,97.59,2.9019,15.69,1217.95,889.1,1313.9,3.086
8/14/2014,3.906,95.58,2.8195,15.671,1209.1,894.7,1304.5,3.097
8/15/2014,3.776,97.35,2.848,15.678,1202.45,897.2,1297.7,3.103
8/18/2014,3.792,96.41,2.806,15.619,1201.2,908.65,1295.1,3.086
8/19/2014,3.877,94.48,2.8171,15.621,1199.65,909.4,1293.4,3.174
8/20/2014,3.823,96.07,2.8258,16.31,1196.3,882.6,1273.7,3.172
8/21/2014,3.889,93.96,2.8375,16.227,1213.7,875.35,1278.6,3.199
8/22/2014,3.84,93.65,2.8279,16.108,1200.4,890.4,1277.3,3.213
8/25/2014,3.937,93.35,2.8369,16.225,1201.9,891,1283.8,3.182
8/26/2014,3.911,93.86,2.8442,16.35,1203.5,885.7,1281.9,3.175
8/27/2014,3.957,93.88,2.8605,16.193,1189.45,860.1,1288.7,3.127
8/28/2014,4.044,94.55,2.849,16.459,1206.7,848.85,1285.8,3.135
8/29/2014,4.065,95.96,2.8569,16.462,1227.1,833.35,1287.7,3.16
9/1/2014,4.054,95.83,2.8529,16.377,1223.4,836.05,1287.4,3.149
9/2/2014,3.89,92.88,2.7967,16.611,1207.85,836.9,1263.7,3.135
9/3/2014,3.847,95.54,2.8658,16.548,1222.95,844.2,1268.9,3.111
9/4/2014,3.819,94.45,2.8363,16.252,1229,839.05,1265.1,3.139
9/5/2014,3.793,93.29,2.8192,15.489,1216,831.4,1265.8,3.158
9/8/2014,3.876,92.66,2.8094,14.758,1200.7,812.35,1252.7,3.158
9/9/2014,3.984,92.75,2.7915,16.648,1189.85,803.15,1248.5,3.095
9/10/2014,3.954,91.67,2.7533,16.408,1226.9,815.25,1243.5,3.104
9/11/2014,3.823,92.83,2.7561,16.359,1217.8,819.5,1239,3.087
9/12/2014,3.857,92.27,2.7405,16.52,1224.5,802.75,1229.9,3.102
9/15/2014,3.931,92.92,2.7396,16.196,1235.85,783.55,1233.6,3.081
9/16/2014,3.995,94.88,2.7563,16.233,1224,789.5,1235.2,3.16
9/17/2014,4.013,94.42,2.7451,16.216,1222.55,774.95,1234.4,3.142
9/18/2014,3.91,93.07,2.7123,17.081,1232.5,784.55,1225.7,3.092
9/19/2014,3.837,92.41,2.7166,17.133,1248.1,768.65,1215.3,3.088
9/22/2014,3.85,91.52,2.6871,17.059,1246.5,754.55,1216.8,3.038
9/23/2014,3.816,91.56,2.6832,17.019,1241.35,766.1,1222,3.034
9/24/2014,3.911,92.8,2.6889,17.048,1230,787,1218.6,3.059
9/25/2014,3.971,92.53,2.6958,16.527,1229.6,796.45,1221.2,3.06
9/26/2014,3.984,93.54,2.7005,15.715,1212.95,800.5,1215.4,3.029
9/29/2014,4.154,94.57,2.7041,15.891,1202.7,785.05,1217.5,3.053
9/30/2014,4.121,91.16,2.6472,15.934,1195.15,785.95,1210.5,3.006
10/1/2014,4.023,90.73,2.6556,16.03,1199.1,795.1,1214.6,3.034
10/2/2014,3.932,91.01,2.638,16.085,1196.8,764.25,1214.2,2.997
10/3/2014,4.039,89.74,2.6163,15.649,1197,746,1192.2,2.994
10/6/2014,3.898,90.34,2.6213,15.73,1179.9,756.7,1206.7,3.03
10/7/2014,3.957,88.85,2.6073,15.673,1192.85,762.3,1211.7,3.034
10/8/2014,3.855,87.31,2.5759,15.805,1190.15,776,1205.3,3
10/9/2014,3.845,85.77,2.5366,16.112,1192.9,776.7,1224.6,3.028
10/10/2014,3.859,85.82,2.5602,16.06,1216.15,779.3,1221,3.032
10/13/2014,3.916,85.74,2.5568,15.744,1214.6,780.9,1229.3,3.037
10/14/2014,3.816,81.84,2.4722,16.24,1203.6,787.15,1233.6,3.085
10/15/2014,3.8,81.78,2.4586,15.565,1217.9,792.5,1244.1,3.005
10/16/2014,3.796,82.7,2.4703,15.813,1209.15,800.7,1240.5,2.978
10/17/2014,3.766,82.75,2.4976,15.734,1213.4,780.7,1238.3,3.001
10/20/2014,3.67,82.71,2.4856,15.74,1203.2,791.8,1244,2.99
10/21/2014,3.711,82.81,2.5132,16.213,1202,804.4,1251.7,3.031
10/22/2014,3.659,80.52,2.4734,16.637,1212.95,790.65,1245.5,3.022
10/23/2014,3.622,82.09,2.499,16.51,1219.65,757.85,1228.5,3.05
10/24/2014,3.623,81.01,2.4819,16.385,1220.65,752.6,1231.2,3.051
10/27/2014,3.561,81,2.4753,16.419,1220.3,772.55,1229.1,3.078
10/28/2014,3.649,81.42,2.4931,16.64,1233.75,766.25,1229.2,3.108
10/29/2014,3.728,82.2,2.535,16.564,1234.4,772.7,1224.9,3.112
10/30/2014,3.827,81.12,2.5128,17.125,1239.25,773.65,1198.1,3.072
10/31/2014,3.873,80.54,2.5145,16.956,1244.5,770.85,1171.1,3.061
11/3/2014,4.046,78.78,2.4899,17.073,1235.2,771.35,1169.4,3.079
11/4/2014,4.129,77.19,2.4427,17.739,1259.9,770.05,1167.4,3.034
11/5/2014,4.194,78.68,2.4387,17.81,1268.65,778,1145.4,3.022
11/6/2014,4.404,77.91,2.4587,17.703,1265.3,771.2,1142.3,3.03
11/7/2014,4.412,78.65,2.4995,17.947,1263.4,768.4,1169.6,3.053
11/10/2014,4.255,77.4,2.4693,18.179,1278.55,796.3,1159.6,3.027
11/11/2014,4.247,77.94,2.4687,18.395,1272.6,791.65,1162.8,3.042
11/12/2014,4.185,77.18,2.4469,18.284,1282.75,796.85,1158.9,3.034
11/13/2014,3.977,74.21,2.3621,18.392,1269.1,801.6,1161.1,2.999
11/14/2014,4.02,75.82,2.4161,18.019,1275.05,806,1185,3.058
11/17/2014,4.341,75.64,2.4039,18.068,1253.45,812.4,1183,3.05
11/18/2014,4.244,74.61,2.3813,18.128,1265.85,808.1,1196.7,3.011
11/19/2014,4.371,74.58,2.359,16.758,1256.8,803.05,1193.6,3.047
11/20/2014,4.489,75.58,2.38,17.192,1227.25,796.85,1190.7,3.027
11/21/2014,4.266,76.51,2.4045,17.173,1240.9,801.45,1197.5,3.035
11/24/2014,4.151,75.78,2.3955,17.292,1237.75,803.2,1195.5,3.004
11/25/2014,4.282,74.09,2.3948,17.305,1230.3,797.8,1197.8,2.961
11/26/2014,4.355,73.69,2.3965,17.379,1234.65,812.1,1196.6,2.96
11/27/2014,4.192,68.55,2.2206,17.18,1244.6,821.8,1188.8,2.951
11/28/2014,4.088,66.15,2.2308,16.738,1251.55,819.6,1175.2,2.86
12/1/2014,4.007,69,2.2124,16.74,1223.85,816.55,1218,2.93
12/2/2014,3.874,66.88,2.1544,17.115,1228.6,802.55,1199.2,2.913
12/3/2014,3.805,67.38,2.1334,16.918,1219.4,784,1208.5,2.893
12/4/2014,3.649,66.81,2.1177,16.804,1207.75,779.25,1207.5,2.933
12/5/2014,3.802,65.84,2.1078,16.778,1198.4,792.15,1190.1,2.925
12/8/2014,3.595,63.05,2.0549,17.278,1201.1,805.1,1194.7,2.91
12/9/2014,3.652,63.82,2.084,17.307,1208.15,815.25,1231.5,2.946
12/10/2014,3.706,60.94,2.0464,17.27,1210.05,814.05,1228.9,2.914
12/11/2014,3.634,59.95,2.0614,16.42,1208.4,807.8,1225.1,2.941
12/12/2014,3.795,57.81,2.016,16.31,1181.75,810.9,1222,2.946
12/15/2014,3.719,55.91,2.0017,16.371,1173.35,818.6,1207.2,2.898
12/16/2014,3.619,55.93,1.96,16.263,1172.3,812,1193.9,2.877
12/17/2014,3.702,56.47,2.0085,16.252,1164.45,804.2,1194.3,2.888
12/18/2014,3.642,54.11,1.9387,16.247,1165.25,798.4,1194.7,2.873
12/19/2014,3.464,56.52,1.9622,16.233,1165,796.3,1195.9,2.908
12/22/2014,3.144,55.26,1.9514,16.474,1168.8,794.85,1179.7,2.904
12/23/2014,3.171,57.12,1.9907,16.583,1174.15,793.2,1177.9,2.902
12/24/2014,3.03,55.84,1.9236,16.513,1177.85,800.4,1173.5,2.874
12/25/2014,3.092,55.92,1.9268,16.623,1188.7,792.45,1177,2.851
12/26/2014,3.007,54.73,1.9079,16.407,1184.85,793.1,1195.3,2.836
12/29/2014,3.189,53.61,1.8491,16.258,1187.4,800.15,1181.7,2.838
12/30/2014,3.094,54.12,1.8688,16.132,1186.45,814.1,1200.2,2.869
12/31/2014,2.889,53.27,1.8466,16.132,1183.7,815.7,1183.9,2.838
1/1/2015,2.841,54.56,1.8704,15.784,1181.55,780.65,1186.8,2.826
1/2/2015,3.003,52.69,1.7957,15.843,1160.6,766.35,1186,2.838
1/5/2015,2.882,50.04,1.7492,15.755,1158.6,754.3,1203.9,2.793
1/6/2015,2.938,47.93,1.7262,15.613,1147.5,756,1219.3,2.804
1/7/2015,2.871,48.65,1.6999,15.345,1130.55,764.8,1210.6,2.796
1/8/2015,2.927,48.79,1.711,15.493,1121.4,778.75,1208.4,2.807
1/9/2015,2.946,48.36,1.703,15.477,1117.55,768.8,1216,2.791
1/12/2015,2.795,46.07,1.6541,15.585,1117.05,772.9,1232.7,2.763
1/13/2015,2.943,45.89,1.633,15.601,1116.65,774.85,1234.3,2.679
1/14/2015,3.233,48.48,1.6552,15.562,1108.15,782.55,1234.4,2.553
1/15/2015,3.158,46.25,1.6233,15.525,1094.45,782.05,1264.7,2.611
1/16/2015,3.127,48.69,1.6656,16.098,1125.05,797,1276.9,2.654
1/18/2015,2.99,48.85,1.6588,16.867,1123.6,772.35,1279,2.618
1/19/2015,2.97,47.78,1.6458,16.798,1137.65,773.15,1275.9,2.573
1/20/2015,2.831,46.39,1.6266,16.872,1140.55,788.8,1294.2,2.615
1/21/2015,2.974,47.78,1.6464,16.963,1146.5,786.3,1293.7,2.615
1/22/2015,2.835,46.31,1.6379,16.98,1138.85,790.5,1300.7,2.6
1/23/2015,2.986,45.59,1.6467,17.122,1143.2,796.6,1292.6,2.538
1/26/2015,2.881,45.15,1.6398,17.052,1153,781.6,1279.4,2.574
1/27/2015,2.981,46.23,1.6628,16.91,1138.95,780.6,1291.7,2.514
1/28/2015,2.866,44.45,1.6318,16.657,1138.65,766.75,1285.9,2.522
1/29/2015,2.719,44.53,1.6184,16.581,1119.9,767.75,1254.6,2.47
1/30/2015,2.691,48.24,1.6863,17.044,1139.55,774.9,1278.5,2.528
2/2/2015,2.68,49.57,1.7575,16.701,1161.2,795.7,1276.2,2.511
2/3/2015,2.754,53.05,1.8465,16.819,1155.5,790.4,1259.7,2.6
2/4/2015,2.662,48.45,1.7666,17.072,1174.85,789.3,1263.8,2.612
2/5/2015,2.6,50.48,1.8059,17.095,1174.9,784.55,1262,2.612
2/6/2015,2.579,51.69,1.8391,16.84,1170.05,778,1233.9,2.603
2/9/2015,2.597,52.86,1.8729,16.454,1164.3,788.4,1240.8,2.599
2/10/2015,2.677,50.02,1.8327,16.176,1156.55,780.85,1231.6,2.562
2/11/2015,2.797,48.84,1.8141,16.37,1173.6,787.6,1219,2.553
2/12/2015,2.713,51.21,1.9137,16.46,1174.5,791.5,1220.1,2.609
2/13/2015,2.804,52.78,1.9714,16.291,1155.15,809.3,1226.5,2.614
2/15/2015,2.828,54.06,1.9866,16.204,1153.25,810.25,1228.8,2.606
2/16/2015,2.848,53.61,1.9901,16.323,1164.25,818.45,1231.7,2.608
2/17/2015,2.759,53.53,1.9774,16.276,1161.95,830.3,1208.1,2.595
2/18/2015,2.831,52.14,1.9594,16.273,1171.9,831.15,1199.7,2.639
2/19/2015,2.834,51.16,1.9938,16.313,1173.25,830.4,1207.1,2.642
2/20/2015,2.951,50.34,2.1118,15.929,1150.2,825,1204.4,2.611
2/23/2015,2.879,49.45,2.2179,16.002,1149.6,818.05,1200.3,2.639
2/24/2015,2.902,49.28,2.0289,15.836,1132.55,822.6,1196.9,2.712
2/25/2015,2.894,50.99,2.1036,15.871,1136.35,803.75,1201,2.708
2/26/2015,2.697,48.17,2.1358,15.68,1123.85,789.05,1209.6,2.714
2/27/2015,2.734,49.76,2.2989,15.77,1124,786.6,1212.6,2.716
3/2/2015,2.698,49.59,1.8873,16.39,1142.75,788.35,1207.7,2.711
3/3/2015,2.712,50.52,1.9395,16.63,1155.8,779.75,1204,2.674
3/4/2015,2.769,51.53,1.9013,16.67,1153.45,761.8,1200.6,2.677
3/5/2015,2.841,50.76,1.8773,16.124,1142.35,764.3,1195.9,2.672
3/6/2015,2.839,49.61,1.869,16.111,1131.4,765.45,1164.1,2.629
3/9/2015,2.678,50,1.8398,16.175,1129.2,779.1,1166.4,2.687
3/10/2015,2.732,48.29,1.8135,16.418,1148.3,770.7,1160.1,2.635
3/11/2015,2.824,48.17,1.8204,16.557,1148.4,763.7,1150.7,2.623
3/12/2015,2.734,47.05,1.7791,16.484,1143.85,765.4,1152.1,2.675
3/13/2015,2.727,44.84,1.713,16.272,1132.55,773,1152.6,2.679
3/16/2015,2.716,43.88,1.6986,16.442,1141.75,740.65,1153.3,2.678
3/17/2015,2.855,43.46,1.6939,16.468,1142.05,729,1148.3,2.642
3/18/2015,2.92,44.66,1.7725,16.298,1126.1,735.3,1151.4,2.587
3/19/2015,2.813,43.96,1.7223,16.51,1133.05,748.85,1169.1,2.675
3/20/2015,2.786,45.72,1.7343,17.207,1147.5,746.3,1184.8,2.775
3/23/2015,2.733,47.45,1.7307,17.449,1159.4,747.9,1188,2.808
3/24/2015,2.786,47.51,1.7065,17.545,1168.7,768.8,1191.7,2.815
3/25/2015,2.723,49.21,1.7283,17.56,1167.45,769,1197.3,2.805
3/26/2015,2.672,51.43,1.7876,17.712,1174.3,755.7,1205.1,2.821
3/27/2015,2.59,48.87,1.7275,17.05,1153.8,762.4,1199.8,2.775
3/30/2015,2.644,48.68,1.7312,17.092,1156.1,776.05,1184.8,2.788
3/31/2015,2.64,47.6,1.7179,17.111,1154.75,771.4,1183.1,2.747
4/1/2015,2.605,50.09,1.7469,17.03,1146.95,762.5,1208.1,2.756
4/2/2015,2.713,49.14,1.6825,17.025,1145.15,767.1,1200.9,2.748
4/3/2015,2.713,49.14,1.6825,17.105,1149.05,779.75,1200.9,2.748
4/6/2015,2.65,52.14,1.7643,16.734,1126.5,782.95,1218.6,2.732
4/7/2015,2.68,53.98,1.7838,16.638,1119.75,772.4,1210.6,2.777
4/8/2015,2.619,50.42,1.6981,16.653,1118.15,774.55,1203.1,2.748
4/9/2015,2.528,50.79,1.7268,16.684,1112.4,755.9,1193.6,2.745
4/10/2015,2.511,51.64,1.7661,16.703,1111.55,769.6,1204.6,2.751
4/13/2015,2.511,51.91,1.7833,16.664,1104.35,770.25,1199.3,2.737
4/14/2015,2.53,53.29,1.8017,16.799,1113.35,782.45,1192.8,2.72
4/15/2015,2.61,56.39,1.8888,16.464,1105.05,781.15,1201.5,2.729
4/16/2015,2.684,56.71,1.908,16.089,1101,784.75,1198,2.785
4/17/2015,2.634,55.74,1.8824,15.971,1096.1,776.5,1202.9,2.784
4/20/2015,2.536,56.38,1.8771,15.993,1094.25,773.75,1193.5,2.736
4/21/2015,2.575,55.26,1.8532,15.951,1102.75,782.65,1202.9,2.705
4/22/2015,2.606,56.16,1.8708,15.949,1109.1,794.95,1186.9,2.67
4/23/2015,2.531,57.74,1.9239,15.959,1114.55,792.65,1194.4,2.698
4/24/2015,2.531,57.15,1.9283,15.953,1107.65,785.75,1175.2,2.752
4/27/2015,2.49,56.99,1.9214,15.818,1095,802.35,1203.3,2.774
4/28/2015,2.517,57.06,1.9166,15.983,1097.65,780.45,1214,2.78
4/29/2015,2.606,58.58,1.9481,16.076,1088.45,786.4,1209.8,2.795
4/30/2015,2.751,59.63,1.9763,16.004,1080.45,790.7,1182.4,2.886
5/1/2015,2.776,59.15,1.9822,15.985,1082.05,780.8,1174.5,2.932
5/4/2015,2.821,58.93,1.9787,16.192,1084.45,796.3,1186.8,2.924
5/5/2015,2.78,60.4,2.0145,16.146,1084.7,793,1193.2,2.94
5/6/2015,2.776,60.93,2.0161,16.078,1082.75,776.55,1190.3,2.933
5/7/2015,2.734,58.94,1.9617,16.137,1063.3,778.3,1182.4,2.926
5/8/2015,2.88,59.39,1.9537,15.732,1069,777.6,1189.1,2.931
5/11/2015,2.802,59.25,1.9454,15.848,1075.35,784,1183.2,2.917
5/12/2015,2.897,60.75,1.9989,15.841,1084,782.9,1192.6,2.95
5/13/2015,2.935,60.5,2.0051,15.735,1084.1,788.5,1218.4,2.95
5/14/2015,3.008,59.88,2.0056,15.928,1081.45,781.2,1225.4,2.946
5/15/2015,3.016,59.69,2.0048,15.664,1082.55,785.6,1225.5,2.949
5/18/2015,3.01,59.43,1.9868,15.551,1079.35,784.8,1227.8,2.93
5/19/2015,2.948,57.26,1.9292,15.552,1083.55,776.75,1206.9,2.861
5/20/2015,2.915,58.98,1.946,15.537,1084.55,772.65,1208.9,2.852
5/21/2015,2.949,60.72,1.9859,15.653,1084.05,768.2,1204.4,2.871
5/22/2015,2.887,59.72,1.9525,15.685,1080.85,757.8,1204.3,2.833
5/24/2015,2.872,59.92,1.963,15.726,1064.4,755.1,1204.4,2.799
5/25/2015,2.873,59.85,1.9558,14.95,1032.45,750.4,1207.4,2.822
5/26/2015,2.822,58.03,1.9002,15.147,1025.6,743.1,1187.2,2.853
5/27/2015,2.815,57.51,1.8566,15.345,1022.65,739.4,1186.5,2.816
5/28/2015,2.706,57.68,1.8704,15.468,1033.15,743,1188.1,2.793
5/29/2015,2.642,60.3,1.9553,15.615,1032.05,742.6,1189.4,2.76
6/1/2015,2.649,60.2,1.9264,15.436,1034.15,738.15,1188.3,2.741
6/2/2015,2.698,61.26,1.9455,15.295,1028.2,734.1,1194.1,2.758
6/3/2015,2.634,59.64,1.8918,15.028,1021.2,732.75,1184.7,2.751
6/4/2015,2.626,58,1.8439,14.964,1009.75,720.3,1174.9,2.716
6/5/2015,2.59,59.13,1.8696,14.82,994.05,718.6,1167.8,2.722
6/8/2015,2.705,58.14,1.8548,14.823,996.25,707.35,1173.2,2.716
6/9/2015,2.846,60.14,1.9179,14.745,973.4,695.4,1177.3,2.74
6/10/2015,2.891,61.43,1.9459,14.769,974.85,695.55,1186.1,2.772
6/11/2015,2.825,60.77,1.921,14.73,984.75,695.45,1179.9,2.693
6/12/2015,2.75,59.96,1.8892,14.683,981.8,679.15,1178.8,2.7
6/15/2015,2.889,59.52,1.8703,14.477,988.15,678,1185.3,2.659
6/16/2015,2.894,59.97,1.8849,14.655,988.45,666.45,1180.5,2.627
6/17/2015,2.855,59.92,1.9098,14.594,982.95,672.65,1176.4,2.623
6/18/2015,2.777,60.45,1.9152,14.631,984.4,701.2,1201.5,2.628
6/19/2015,2.816,59.61,1.8669,14.734,988.45,694.15,1201.5,2.592
6/22/2015,2.733,59.68,1.8694,14.691,991.8,685.5,1183.7,2.588
6/23/2015,2.726,61.01,1.9112,14.746,984.15,676.15,1176.2,2.634
6/24/2015,2.759,60.27,1.8761,14.705,985.05,652.4,1172.6,2.647
6/25/2015,2.85,59.7,1.8623,14.516,956.35,652.5,1171.5,2.646
6/26/2015,2.773,59.63,1.8628,14.55,951.1,637,1172.9,2.645
6/29/2015,2.805,58.33,1.8366,14.553,950.05,650.35,1178.5,2.639
6/30/2015,2.832,59.47,1.8866,14.677,952.8,658.95,1171.5,2.623
7/1/2015,2.783,56.96,1.8393,14.821,963.1,657.1,1169,2.635
7/2/2015,2.822,56.93,1.8399,14.725,957.75,642.9,1163,2.635
7/3/2015,2.776,55.52,1.7996,15.289,986.6,630.95,1167.8,2.618
7/6/2015,2.756,52.53,1.7089,15.281,987.8,619,1172.9,2.543
7/7/2015,2.716,52.33,1.7113,15.473,1000.65,611.05,1152.4,2.451
7/8/2015,2.685,51.65,1.7152,15.449,991.15,629.45,1163.3,2.504
7/9/2015,2.726,52.78,1.736,15.21,992.75,626.75,1159,2.558
7/10/2015,2.77,52.74,1.7399,15.2,993.45,617.85,1157.7,2.546
7/13/2015,2.864,52.2,1.7187,15.348,998.8,622.6,1155.2,2.555
7/14/2015,2.84,53.04,1.7253,14.834,994.95,613.1,1153.3,2.545
7/15/2015,2.918,51.41,1.6693,15.222,1012.5,621.6,1147.2,2.53
7/16/2015,2.854,50.91,1.6662,15.517,1032.9,615.6,1143.8,2.531
7/17/2015,2.87,50.89,1.6641,15.348,1019.8,620.55,1131.8,2.505
7/20/2015,2.823,50.15,1.6584,15.34,1023.95,610.85,1106.7,2.484
7/21/2015,2.882,50.36,1.6784,14.798,973.35,602.7,1103.4,2.478
7/22/2015,2.897,49.19,1.6717,14.61,982.4,598.6,1091.4,2.432
7/23/2015,2.816,48.45,1.6546,14.045,984.9,593,1094,2.385
7/24/2015,2.776,48.14,1.6302,14.421,1009.1,599.8,1085.6,2.381
7/27/2015,2.789,47.39,1.5956,14.535,1018.6,596.9,1096.5,2.35
7/28/2015,2.821,47.98,1.6044,14.53,1012.55,605.7,1096.3,2.403
7/29/2015,2.886,48.79,1.5983,14.586,1007.35,599.6,1092.7,2.408
7/30/2015,2.768,48.52,1.5982,14.62,1007,623.45,1088.4,2.381
7/31/2015,2.716,47.12,1.584,14.667,1014.5,616.05,1094.9,2.368
8/3/2015,2.748,45.17,1.5305,14.707,1009.9,617.75,1089.4,2.348
8/4/2015,2.812,45.74,1.5475,14.549,991.1,614,1090.7,2.365
8/5/2015,2.798,45.15,1.5385,14.62,990.7,597.05,1085.7,2.353
8/6/2015,2.813,44.66,1.5499,14.515,990.15,609.45,1090.2,2.348
8/7/2015,2.798,43.87,1.5436,14.755,1005.65,622.95,1094.1,2.341
8/10/2015,2.842,44.96,1.5921,14.576,983.7,604.4,1104.2,2.408
8/11/2015,2.844,43.08,1.5629,14.645,982.8,575.05,1107.6,2.341
8/12/2015,2.931,43.3,1.5869,14.505,970.95,539.15,1123.2,2.361
8/13/2015,2.787,42.23,1.5687,14.505,968.7,529.35,1115.7,2.365
8/14/2015,2.801,42.5,1.5579,14.363,957.35,567.9,1112.9,2.364
8/17/2015,2.728,41.87,1.5548,14.326,962.45,589.55,1118.6,2.333
8/18/2015,2.704,42.62,1.5586,14.885,973.25,602.25,1117.1,2.297
8/19/2015,2.716,40.8,1.518,14.984,978.2,579.2,1128.1,2.283
8/20/2015,2.755,41.14,1.4956,15.163,982.45,583.35,1153,2.323
8/21/2015,2.676,40.45,1.4624,15.155,981.65,581.55,1159.6,2.307
8/24/2015,2.65,38.24,1.3929,15.221,971.75,577.15,1153.4,2.269
8/25/2015,2.685,39.31,1.3952,14.756,936.3,574.7,1138.2,2.323
8/26/2015,2.693,38.6,1.3809,14.789,945.95,582.17,1124.6,2.251
8/27/2015,2.638,42.56,1.496,15.13,948.95,586.55,1122.4,2.334
8/28/2015,2.715,45.22,1.5764,15.111,948.25,577.95,1133.1,2.346
8/31/2015,2.689,49.2,1.6736,15.105,949.3,592.5,1131.6,2.338
9/1/2015,2.702,45.41,1.5779,14.538,917.2,591,1138.7,2.303
9/2/2015,2.648,46.25,1.6092,14.573,915.65,587.8,1132.5,2.333
9/3/2015,2.725,46.75,1.6188,14.518,907.75,600.45,1123.7,2.39
9/4/2015,2.655,46.05,1.596,14.511,907.2,611.95,1120.6,2.32
9/6/2015,2.656,45.72,1.5885,15.263,910.75,599.2,1119.9,2.32
9/7/2015,2.659,44.7,1.5666,15.22,915.25,610.85,1119.9,2.345
9/8/2015,2.71,45.94,1.5938,15.708,917.1,616.1,1120.4,2.438
9/9/2015,2.651,44.15,1.5386,15.984,937.45,610.95,1102.2,2.442
9/10/2015,2.683,45.92,1.5747,16.094,947.25,645.7,1109.5,2.454
9/11/2015,2.693,44.63,1.55,15.766,952.2,656.45,1103.5,2.462
9/14/2015,2.758,44,1.5035,15.818,983.4,667.6,1107.7,2.414
9/15/2015,2.728,44.59,1.5,15.79,978.55,651.85,1102.8,2.436
9/16/2015,2.66,47.15,1.5414,15.864,989.55,657.7,1119.2,2.462
9/17/2015,2.652,46.9,1.5297,15.907,989.1,650.95,1117.3,2.462
9/18/2015,2.605,44.68,1.4907,16.117,1000.3,679.4,1138.1,2.397
9/21/2015,2.573,46.68,1.514,16.164,1006.3,697.6,1133.1,2.398
9/22/2015,2.577,45.83,1.532,16.114,1015.55,689.2,1125,2.307
9/23/2015,2.569,44.48,1.5056,16.015,1017.6,707.7,1131.6,2.305
9/24/2015,2.591,44.91,1.5237,15.841,1013.95,699.5,1153.8,2.312
9/25/2015,2.564,45.7,1.5225,15.917,1020.7,703.15,1146,2.292
9/28/2015,2.563,44.43,1.4772,15.71,1004.4,708.15,1132,2.256
9/29/2015,2.586,45.23,1.4976,15.837,1011.25,694.65,1127.1,2.253
9/30/2015,2.524,45.09,1.5126,15.827,1002.6,685.35,1115.5,2.345
10/1/2015,2.433,44.74,1.5198,15.84,1003.4,700.85,1114.2,2.308
10/2/2015,2.451,45.54,1.5199,15.905,997.55,705,1137.1,2.329
10/5/2015,2.45,46.26,1.5483,15.863,986.65,699.4,1138.1,2.36
10/6/2015,2.47,48.53,1.6115,16.293,1000.65,688.1,1146.8,2.359
10/7/2015,2.474,47.81,1.5796,15.55,992.65,694.85,1149,2.372
10/8/2015,2.498,49.43,1.6018,15.567,987.35,677.15,1144.7,2.347
10/9/2015,2.502,49.63,1.5909,15.505,985.85,685.6,1156.3,2.417
10/12/2015,2.535,47.1,1.5024,15.408,977.15,693.85,1164.9,2.42
10/13/2015,2.498,46.66,1.4708,15.239,965.85,683.9,1165.8,2.392
10/14/2015,2.518,46.64,1.4833,15.058,958.1,678.75,1180.1,2.42
10/15/2015,2.453,46.38,1.4863,14.983,952.9,686.1,1187.9,2.426
10/16/2015,2.43,47.26,1.4966,14.691,942.35,670.8,1183.6,2.407
10/19/2015,2.442,45.89,1.4491,14.71,940.95,677.25,1173.3,2.372
10/20/2015,2.476,45.55,1.4487,14.413,917.55,650.35,1178,2.369
10/21/2015,2.404,45.2,1.45,14.356,903.15,644,1167.6,2.364
10/22/2015,2.386,45.38,1.465,14.263,884.05,623.4,1166.6,2.385
10/23/2015,2.286,44.6,1.4544,14.225,881.95,606.3,1163.3,2.35
10/26/2015,2.062,43.98,1.4259,14.204,861.7,612.95,1167,2.357
10/27/2015,2.092,43.2,1.4244,14.365,863.75,596.95,1166.8,2.358
10/28/2015,2.033,45.94,1.4839,14.222,867.85,597.8,1177.1,2.354
10/29/2015,2.257,46.06,1.4748,14.171,854.75,577,1147.2,2.316
10/30/2015,2.321,46.59,1.4994,14.081,852.5,558.7,1141.5,2.313
11/2/2015,2.256,46.14,1.5069,14.222,858.25,539.25,1135.8,2.316
11/3/2015,2.253,47.9,1.566,14.126,855.4,551.55,1114.2,2.327
11/4/2015,2.262,46.32,1.5035,14.125,857,546.5,1106.5,2.32
11/5/2015,2.364,45.2,1.4872,14.061,849.4,532.05,1104.4,2.253
11/6/2015,2.371,44.29,1.4896,14.188,842.75,541,1087.6,2.241
11/9/2015,2.3,43.87,1.4774,14.175,846.2,558.9,1087.9,2.23
11/10/2015,2.32,44.21,1.4865,14.23,854.75,541.35,1088.2,2.216
11/11/2015,2.263,42.93,1.4477,14.048,836.45,541.5,1084.7,2.216
11/12/2015,2.26,41.75,1.4066,14.035,833.75,551.3,1080.8,2.173
11/13/2015,2.361,40.74,1.3813,14.086,832.2,556.1,1080.8,2.17
11/16/2015,2.385,41.74,1.3851,14.083,841.6,549.6,1083.7,2.118
11/17/2015,2.371,40.67,1.3681,14.009,834.2,541.95,1068.7,2.106
11/18/2015,2.347,40.75,1.3804,14.077,849.95,538.65,1068.8,2.078
11/19/2015,2.276,40.54,1.3718,14.528,880.2,525.7,1078,2.076
11/20/2015,2.145,40.39,1.3713,14.47,877.45,535.85,1076.4,2.054
11/23/2015,2.21,41.75,1.3743,14.332,858.65,566.2,1066.8,2.019
11/24/2015,2.2,42.87,1.3997,14.116,851.35,554.45,1074.3,2.054
11/25/2015,2.206,43.04,1.4027,14.189,856.65,547.25,1070.5,2.045
11/26/2015,2.243,42.59,1.3785,14.11,854.3,552.2,1070.8,2.086
11/27/2015,2.212,41.71,1.3524,13.884,841.25,541.4,1056.2,2.05
11/30/2015,2.235,41.65,1.3369,13.94,842.55,542.7,1065.8,2.045
12/1/2015,2.231,41.85,1.369,13.695,847.9,547.75,1063.8,2.067
12/2/2015,2.165,39.94,1.3049,13.77,855.8,565.95,1054.2,2.029
12/3/2015,2.181,41.08,1.3586,14.248,872.25,567.2,1061.7,2.056
12/4/2015,2.186,39.97,1.3424,13.703,848.2,556.8,1084.5,2.074
12/7/2015,2.067,37.65,1.2796,14.096,859.65,558.4,1076.4,2.045
12/8/2015,2.07,37.51,1.2592,14.06,858.05,557.6,1076.3,2.048
12/9/2015,2.062,37.16,1.2389,14.315,873.25,552.5,1077.6,2.06
12/10/2015,2.015,36.76,1.2251,14.314,873.5,556.5,1073.1,2.065
12/11/2015,1.99,35.62,1.1456,14.287,872.15,554.9,1076.9,2.108
12/14/2015,1.894,36.31,1.1277,14.379,884.45,559.9,1064.7,2.104
12/15/2015,1.822,37.35,1.1467,14.34,891.5,564.3,1062.9,2.051
12/16/2015,1.79,35.52,1.1122,13.884,882.1,552.9,1078,2.061
12/17/2015,1.755,34.95,1.1053,13.928,890.8,558,1050.8,2.034
12/18/2015,1.767,34.73,1.1071,13.842,872.05,546.3,1066.2,2.103
12/21/2015,1.911,34.74,1.1004,13.803,892.5,563.1,1081.9,2.129
12/22/2015,1.888,36.14,1.0876,13.89,892.1,558.8,1074.8,2.097
12/23/2015,1.983,37.5,1.1192,13.841,881.65,540.3,1069.4,2.111
12/24/2015,2.029,38.1,1.1009,13.971,890.3,537.9,1077.2,2.111
12/28/2015,2.228,36.81,1.0904,13.976,879.55,509.6,1070.5,2.067
12/29/2015,2.372,37.87,1.1295,14.344,875.55,494.9,1077.5,2.125
12/30/2015,2.214,36.6,1.0791,13.918,880,494.9,1060.1,2.137
12/31/2015,2.337,37.04,1.1007,13.945,876.9,487.4,1060.3,2.126
1/4/2016,2.334,36.76,1.1264,13.866,849,478.3,1075.1,2.071
1/5/2016,2.325,35.97,1.1253,13.751,833.2,467.4,1078.4,2.088
1/6/2016,2.267,33.97,1.0807,14.156,848.5,483.8,1091.9,2.08
1/7/2016,2.382,33.27,1.0656,13.748,836.05,493.4,1107.7,2.015
1/8/2016,2.472,33.16,1.0521,13.896,830.95,495.6,1097.8,2.017
1/11/2016,2.396,31.41,1.0149,13.91,823.5,491.6,1096.5,1.968
1/12/2016,2.257,30.44,0.9901,13.9,820.85,492.4,1085.6,1.953
1/13/2016,2.269,30.48,0.9694,14.121,827.8,495.2,1087.5,1.95
1/14/2016,2.139,31.2,0.9808,14.16,823.8,497.8,1073.9,1.971
1/15/2016,2.1,29.42,0.9343,14.094,820,500.7,1091.5,1.94
1/17/2016,2.052,29.75,0.9182,14.057,831.75,496.7,1090.3,1.941
1/18/2016,2.105,30.02,0.9214,14.05,833.2,500.75,1088.5,1.964
1/19/2016,2.091,28.46,0.9087,14.254,859.3,491.02,1089.9,1.974
1/20/2016,2.118,26.55,0.8657,14.564,875.6,496.35,1107.1,1.956
1/21/2016,2.138,29.53,0.8975,14.459,882.1,500.55,1099.1,1.993
1/22/2016,2.139,32.19,0.9957,14.232,869,493.8,1097.2,1.998
1/25/2016,2.158,30.34,0.9353,14.243,871.85,499.7,1106.2,1.996
1/26/2016,2.18,31.45,0.9677,14.25,873.05,499.67,1121.7,2.034
1/27/2016,2.189,32.3,1.0252,14.343,872.5,504.88,1116.1,2.063
1/28/2016,2.182,33.22,1.0309,14.289,856.5,493.3,1115.6,2.049
1/29/2016,2.298,33.62,1.0551,14.734,881.25,511.17,1116.4,2.064
2/1/2016,2.152,31.62,1.0365,14.85,908.85,514.6,1127.9,2.051
2/2/2016,2.025,29.88,1.0109,14.778,913.7,504.4,1127.3,2.052
2/3/2016,2.038,32.28,1.0786,14.95,910.75,503.7,1141.3,2.092
2/4/2016,1.972,31.72,1.0805,15.426,929.35,516.42,1157.6,2.128
2/5/2016,2.063,30.89,1.059,15.449,934.65,519.9,1157.8,2.1
2/8/2016,2.14,29.69,1.0464,15.282,937.35,523.45,1197.9,2.088
2/9/2016,2.098,27.94,0.9749,15.794,956.65,522.3,1198.7,2.038
2/10/2016,2.046,27.45,0.9749,15.79,958.15,523.2,1194.7,2.025
2/11/2016,1.994,26.21,0.9791,15.73,953.8,521.9,1247.9,2.004
2/12/2016,1.966,29.44,1.0693,15.335,937.8,513.67,1239.1,2.027
2/14/2016,1.937,29.08,1.058,15.334,935.8,511.9,1233.6,2.044
2/15/2016,1.918,30.6,1.069,15.377,944.3,516.2,1208.1,2.062
2/16/2016,1.903,29.04,1.027,15.432,948.2,504.9,1207.9,2.049
2/17/2016,1.942,30.66,1.0879,15.373,940.45,499.8,1211.1,2.074
2/18/2016,1.852,30.77,1.0792,15.34,941.6,500.3,1226.1,2.071
2/19/2016,1.804,29.64,1.0255,15.184,930.2,497.48,1230.4,2.075
2/22/2016,1.821,31.48,1.0551,15.24,945.2,500.75,1209.5,2.113
2/23/2016,1.782,31.87,1.0221,15.297,937.75,488.7,1222.3,2.104
2/24/2016,1.778,32.15,1.0594,15.17,927.4,483.7,1238.7,2.095
2/25/2016,1.711,33.07,1.07,14.689,915.15,483.52,1238.2,2.065
2/26/2016,1.791,32.78,1.0512,14.76,914.35,484.8,1219.8,2.118
2/29/2016,1.711,33.75,1.076,14.896,934.05,494,1233.9,2.128
3/1/2016,1.742,34.4,1.0995,14.733,937.5,513.4,1230.3,2.142
3/2/2016,1.678,34.66,1.1065,15.003,937.4,516.55,1241.1,2.178
3/3/2016,1.639,34.57,1.1202,15.131,947.35,537.2,1257.4,2.204
3/4/2016,1.666,35.92,1.1613,15.681,981.05,555.9,1269.9,2.271
3/6/2016,1.619,36.27,1.1647,15.61,984.8,558.3,1264.5,2.269
3/7/2016,1.706,37.88,1.2235,15.675,998.8,577.1,1268.8,2.275
